domain,url,direct_status,evidence
1click.co.in,https://www.1click.co.in/,candidate,urllib_initial
1point1.com,https://www.1point1.com/,candidate,urllib_initial
20microns.com,https://www.20microns.com/,candidate,urllib_initial
3bfilms.com,https://www.3bfilms.com/,candidate,urllib_initial
3citsolutions.com,https://www.3citsolutions.com/,candidate,urllib_initial
3i-infotech.com,https://www.3i-infotech.com/,candidate,urllib_initial
52weeksentertainment.com,https://www.52weeksentertainment.com/,candidate,urllib_initial
5paisa.com,https://www.5paisa.com/,candidate,urllib_initial
63moons.com,https://www.63moons.com/,candidate,urllib_initial
7nrretailltd.in,https://www.7nrretailltd.in/,candidate,urllib_initial
7seasent.com,https://www.7seasent.com/,candidate,urllib_initial
a1acid.com,https://www.a-1limited.com,candidate,urllib_initial
a2zgroup.co.in,https://www.a2zgroup.co.in/,candidate,urllib_initial
aaatechnologies.co.in,https://www.aaatechnologies.co.in/,candidate,urllib_initial
aacl.in,http://www.aacl.in/,candidate,urllib_initial
aadharhousing.com,https://www.aadharhousing.com/,candidate,urllib_initial
aadiindustries.co,https://www.aadiindustries.co/,candidate,urllib_initial
aail.in,https://www.aail.in/,candidate,urllib_initial
aakaarmedical.in,https://aakaarmedical.in/,candidate,urllib_initial
aakashexploration.com,https://www.aakashexploration.com/,candidate,urllib_initial
aanandalakshmi.com,https://www.aanandalakshmi.com/,candidate,urllib_initial
aanchalispat.com,https://www.aanchalispat.com/,candidate,urllib_initial
aaradhyadisposalindustriesltd.in,https://www.aaradhyadisposalindustriesltd.in/,candidate,urllib_initial
aareydrugs.com,https://www.aareydrugs.com/,candidate,urllib_initial
aarnavgroup.com,https://aarnavgroup.com/,candidate,urllib_initial
aaronindustries.net,https://aaronindustries.net/,candidate,urllib_initial
aartechsolonics.com,https://www.aartechsolonics.com/,candidate,urllib_initial
aarti-industries.com,https://www.aarti-industries.com/,candidate,urllib_initial
aarti-surfactants.com,https://www.aarti-surfactants.com/,candidate,urllib_initial
aartidrugs.com,https://www.aartidrugs.com/,candidate,urllib_initial
aartipharmalabs.com,https://www.aartipharmalabs.com/,candidate,urllib_initial
aarviencon.com,https://aarviencon.com/,candidate,urllib_initial
aashkahospitals.in,https://www.aashkahospitals.in/,candidate,urllib_initial
aasthaspintex.com,https://www.aasthaspintex.com/,candidate,urllib_initial
aavas.in,https://www.aavas.in/,candidate,urllib_initial
aayushwellness.com,https://www.aayushwellness.com/,candidate,urllib_initial
abanoffshore.com,https://abanoffshore.com/,candidate,urllib_initial
abateas.com,https://abateas.com/,candidate,urllib_initial
abb.co.in,https://new.abb.com/indian-subcontinent,candidate,urllib_initial
abbott.co.in,https://www.abbott.co.in/,candidate,urllib_initial
abcindia.com,https://abcindia.com/,candidate,urllib_initial
abdindia.com,https://www.abdindia.com/,candidate,urllib_initial
abfrl.com,https://www.abfrl.com/,candidate,urllib_initial
abhacast.com,https://abhacast.com/,candidate,urllib_initial
abhinavcapital.com,https://www.abhinavcapital.com/,candidate,urllib_initial
abhinavleasefinltd.in,https://www.abhinavleasefinltd.in/,candidate,urllib_initial
abhishekinfra.co.in,https://www.abhishekinfra.co.in/,candidate,urllib_initial
abhishekintegrations.com,https://www.abhishekintegrations.com/,candidate,urllib_initial
ablbl.in,https://www.ablbl.in/,candidate,urllib_initial
abmindia.com,https://www.abmindia.com/,candidate,urllib_initial
abramfood.in,https://abramfood.in/,candidate,urllib_initial
abrilpapertech.com,https://abrilpapertech.com/,candidate,urllib_initial
absmarine.com,https://absmarine.com/,candidate,urllib_initial
abvl.co.in,https://www.abvl.co.in/,candidate,urllib_initial
accel-india.com,https://accel-india.com/,candidate,urllib_initial
acceleratebs.com,https://www.acceleratebs.com/,candidate,urllib_initial
accelya.com,https://w3.accelya.com/,candidate,urllib_initial
accentmicrocell.com,https://accentmicrocell.com/,candidate,urllib_initial
acclimited.com,https://www.acclimited.com/,candidate,urllib_initial
accordsynergy.com,https://www.accordsynergy.com/,candidate,urllib_initial
accretionnutraveda.com,https://accretionnutraveda.com/,candidate,urllib_initial
accretionpharma.com,https://accretionpharma.com/,candidate,urllib_initial
ace-cranes.com,https://www.ace-cranes.com/,candidate,urllib_initial
acealphatech.in,https://acealphatech.in/,candidate,urllib_initial
aceengitech.com,https://www.aceengitech.com/,candidate,urllib_initial
aceintegrated.com,https://aceintegrated.com/,candidate,urllib_initial
acetechecommerce.com,https://acetechecommerce.com/,candidate,urllib_initial
acglgoa.com,https://acglgoa.com/,candidate,urllib_initial
achyuthealthcare.com,http://achyuthealthcare.com/,candidate,urllib_initial
acilnet.com,https://www.acilnet.com/,candidate,urllib_initial
acknitindia.com,https://www.acknitindia.com/,candidate,urllib_initial
acmeresources.in,https://www.acmeresources.in/,candidate,urllib_initial
acmesolar.in,https://www.acmesolar.in/,candidate,urllib_initial
acmfsl.com,https://www.acmfsl.com/,candidate,urllib_initial
acmills.in,https://www.acmills.in/,candidate,urllib_initial
acrowindia.com,https://www.acrowindia.com/,candidate,urllib_initial
acstechnologies.co.in,https://acstechnologies.co.in/,candidate,urllib_initial
activeinfra.in,https://activeinfra.in/,candidate,urllib_initial
activesourcing.org,http://activeclothing.in/,candidate,urllib_initial
acumenengg.co.in,https://sunwin68.com.co/,candidate,urllib_initial
adani.com,https://www.adani.com/,candidate,urllib_initial
adanienergysolutions.com,https://www.adanienergysolutions.com/,candidate,india_proxy
adanigas.com,https://www.adanigas.com/,candidate,india_proxy
adanigreenenergy.com,https://www.adanigreenenergy.com/,candidate,india_proxy
adaniports.com,https://www.adaniports.com/,candidate,urllib_initial
adaniwilmar.com,https://www.awl.in/,candidate,urllib_initial
adarshplant.com,https://adarshplant.com/,candidate,urllib_initial
adckcl.com,https://www.adckcl.com/,candidate,urllib_initial
adconcap.com,https://www.adconcap.com/,candidate,urllib_initial
adcountymedia.com,https://www.adcountymedia.com/,candidate,urllib_initial
addiindustries.com,http://www.addiindustries.com/,candidate,urllib_initial
addshop.co,https://www.addshop.co/,candidate,urllib_initial
adeshwarmeditex.com,https://adeshwarmeditex.com/,candidate,urllib_initial
adf-foods.com,https://adf-foods.com/,candidate,urllib_initial
adhbhutinfra.in,https://www.adhbhutinfra.in/,candidate,urllib_initial
adinathtextiles.com,https://www.adinathtextiles.com/,candidate,urllib_initial
adishaktiloha.com,https://www.adishaktiloha.com/,candidate,urllib_initial
adisoft.co.in,https://www.adisoft.co.in/,candidate,urllib_initial
aditya-ultra-steel.com,https://www.aditya-ultra-steel.com/,candidate,urllib_initial
adityabirlacapital.com,https://www.adityabirlacapital.com/,candidate,urllib_initial
adityagears.in,https://www.adityagears.in/,candidate,urllib_initial
adityagroup.com,https://www.adityagroup.com/,candidate,urllib_initial
adityaispat.com,https://www.adityaispat.com/,candidate,urllib_initial
adityaspinners.net,http://www.adityaspinners.net/,candidate,urllib_initial
adityavision.com,https://adityavision.com/,candidate,urllib_initial
admach.co.in,https://www.admach.co.in/,candidate,urllib_initial
admanumfinance.com,https://www.admanumfinance.com/,candidate,urllib_initial
adorwelding.com,https://adorwelding.com/,candidate,urllib_initial
adroitinfotech.com,https://www.adroitinfotech.com/,candidate,urllib_initial
adtechindia.com,https://adtechindia.com/,candidate,urllib_initial
advaitgroup.co.in,https://www.advaitgroup.co.in/,candidate,urllib_initial
advance.net.in,https://www.advance.net.in/,candidate,urllib_initial
advanceagrolife.com,https://www.advanceagrolife.com/,candidate,urllib_initial
advancedenzymes.com,https://www.advancedenzymes.com/,candidate,urllib_initial
advancemulti.com,https://www.advancemulti.com/,candidate,urllib_initial
advancepetro.com,https://www.advancepetro.com/,candidate,urllib_initial
advancetechforge.com,https://www.advancetechforge.com/,candidate,urllib_initial
adventint.in,https://www.adventint.in/,candidate,urllib_initial
adventz.com,https://sarojpoddargroup.com/,candidate,urllib_initial
advikgroup.com,https://advikgroup.com/,candidate,urllib_initial
advikindia.com,http://mpspharmaa.com/,candidate,urllib_initial
advitiyatrade.com,https://advitiyatrade.com/,candidate,urllib_initial
aec.com,http://www.aec.com/,candidate,urllib_initial
aecl.in.net,https://aecl.in.net/,candidate,urllib_initial
aegeustechnologies.com,https://www.aegeustechnologies.com/,candidate,urllib_initial
aegisindia.com,https://aegisindia.com/,candidate,urllib_initial
aegisvopak.com,https://www.aegisvopak.com/,candidate,urllib_initial
aeim.sg,https://www.aeimindia.com,candidate,urllib_initial
aeleacommodities.com,https://www.aeleacommodities.com/,candidate,urllib_initial
aequs.com,https://www.aequs.com/,candidate,urllib_initial
aeroflexindia.com,https://www.aeroflexindia.com/,candidate,urllib_initial
aeroncomposite.com,https://www.aeroncomposite.com/,candidate,urllib_initial
aeroplanerice.com,https://www.aeroplanerice.com/,candidate,urllib_initial
aerpace.com,https://www.aerpace.com/,candidate,urllib_initial
aesthetik.in,https://www.aesthetik.in/,candidate,urllib_initial
aether.co.in,https://aether.co.in/,candidate,urllib_initial
afcomcargo.com,https://afcomcargo.com/,candidate,urllib_initial
afsl.co.in,https://www.afsl.co.in/,candidate,urllib_initial
afslindia.in,https://www.afslindia.in/,candidate,urllib_initial
agarwaltuff.com,https://agarwaltuff.com/,candidate,urllib_initial
agigreenpac.com,https://agigreenpac.com/,candidate,urllib_initial
agiinfra.com,https://www.agiinfra.com/,candidate,urllib_initial
agiopaper.com,https://www.agiopaper.com/,candidate,urllib_initial
agivavit.com,https://agivavit.com/,candidate,urllib_initial
aglasiangranito.com,https://aglasiangranito.com/,candidate,urllib_initial
agnipower.com,https://agnipower.com/,candidate,urllib_initial
agri-tech.in,https://agri-tech.in/,candidate,urllib_initial
agrophos.com,https://www.agrophos.com/,candidate,urllib_initial
aguniversal.co.in,https://aguniversal.co.in/,candidate,urllib_initial
ahasolar.in,https://www.ahasolar.in/,candidate,urllib_initial
ahlada.com,https://www.ahlada.com/,candidate,urllib_initial
ahleast.com,https://www.ahleast.com/,candidate,urllib_initial
aiaengineering.com,https://aiaengineering.com/,candidate,urllib_initial
aicltd.in,https://aicltd.in/,candidate,urllib_initial
aikpipes.com,https://www.aikpipes.com/,candidate,urllib_initial
aimcopesticides.com,https://aimcopesticides.com/,candidate,urllib_initial
aiml.in,https://www.aiml.in/,candidate,urllib_initial
aimtron.in,https://www.aimtron.in/,candidate,urllib_initial
ainfrastructure.com,https://www.ainfrastructure.com/,candidate,urllib_initial
aiontech.ai,https://aiontech.ai/,candidate,urllib_initial
airanlimited.com,https://airanlimited.com/,candidate,urllib_initial
airflow.co.in,https://www.airflow.co.in/,candidate,urllib_initial
airolam.com,https://www.airolam.com/,candidate,urllib_initial
airtel.in,https://www.airtel.in/,candidate,urllib_initial
aisglass.com,https://www.aisglass.com/,candidate,urllib_initial
ajantasoya.com,https://ajantasoya.com/,candidate,urllib_initial
ajax-engg.com,https://www.ajax-engg.com/,candidate,urllib_initial
ajcjewel.com,https://ajcjewel.com/,candidate,urllib_initial
ajcononline.com,https://ajcononline.com/,candidate,urllib_initial
ajoonibiotech.com,https://www.ajoonibiotech.com/,candidate,urllib_initial
akartoolsltd.com,https://akarauto.com/,candidate,urllib_initial
akgroup.co.in,https://www.akgroup.co.in/,candidate,urllib_initial
akmefintrade.com,https://www.akmefintrade.com/,candidate,urllib_initial
aksharchemindia.com,https://www.aksharchemindia.com/,candidate,urllib_initial
aksharspintex.in,https://www.aksharspintex.in/,candidate,urllib_initial
akums.in,https://www.akums.in/,candidate,urllib_initial
akzonobel.co.in,https://www.jswdulux.com/,candidate,urllib_initial
alacritysec.com,https://www.alacritysec.com/,candidate,urllib_initial
alankit.in,https://www.alankit.in/,candidate,urllib_initial
albertdavidindia.com,https://www.albertdavidindia.com/,candidate,urllib_initial
alchemist-corp.com,https://www.alchemist-corp.com/,candidate,urllib_initial
alembic-india.com,https://alembicpharmaceuticals.com/,candidate,urllib_initial
alembiclimited.com,https://www.alembiclimited.com/,candidate,urllib_initial
alexanderstamps.in,https://alexanderstamps.in/,candidate,urllib_initial
alfa.in,https://www.alfa.in/,candidate,urllib_initial
alfavisionindia.com,http://www.alfavisionindia.com/,candidate,urllib_initial
alfredherbert.co.in,https://www.alfredherbert.co.in/,candidate,urllib_initial
alicongroup.co.in,https://www.alicongroup.co.in/,candidate,urllib_initial
alkaindia.in,https://www.audroc.com/,candidate,urllib_initial
alkalimetals.com,https://www.alkalimetals.com/,candidate,urllib_initial
alkemlabs.com,https://www.alkemlabs.com/,candidate,urllib_initial
alkosign.com,https://alkosign.com/,candidate,urllib_initial
alkylamines.com,https://alkylamines.com/,candidate,urllib_initial
allcargo.global,https://www.allcargo.global/,candidate,urllib_initial
allcargologistics.com,https://www.allcargologistics.com/,candidate,urllib_initial
allcargoterminals.com,https://www.allcargoterminals.com/,candidate,urllib_initial
alletec.com,https://www.alletec.com/,candidate,urllib_initial
allieddigital.net,https://www.allieddigital.net/,candidate,urllib_initial
allsectech.com,https://www.alldigitech.com/,candidate,urllib_initial
alltimeplastics.com,https://www.alltimeplastics.com/,candidate,urllib_initial
almondzglobal.com,https://www.almondzglobal.com/,candidate,urllib_initial
alokind.com,https://www.alokind.com/,candidate,urllib_initial
alpalabs.in,https://www.alpalabs.in/,candidate,urllib_initial
alpexsolar.com,https://www.alpexsolar.com/,candidate,urllib_initial
alphageoindia.com,https://www.alphageoindia.com/,candidate,urllib_initial
alphalogicinc.com,https://alphalogicinc.com/,candidate,urllib_initial
alphalogicindustries.com,https://alphalogicindustries.com/,candidate,urllib_initial
alpinehousing.com,https://www.alpinehousing.com/,candidate,urllib_initial
alpinetexworld.com,https://alpinetexworld.com/,candidate,urllib_initial
altiusinfra.com,https://www.altiusinfra.com/,candidate,urllib_initial
alufluoride.com,https://www.alufluoride.com/,candidate,urllib_initial
amagi.com,https://www.amagi.com/,candidate,urllib_initial
amanaya.in,https://www.amanaya.in/,candidate,urllib_initial
amanta.co.in,https://www.amanta.co.in/,candidate,urllib_initial
amararajabatteries.com,https://amararajaeandm.com,candidate,urllib_initial
amarjothi.net,https://amarjothi.net/,candidate,urllib_initial
amarnathsecurities.co.in,https://inb.link/amarnathsecurities.co.in,candidate,urllib_initial
ambaauto.com,https://ambaauto.com/,candidate,urllib_initial
ambaltd.com,https://www.ambaltd.com/,candidate,urllib_initial
ambarprotein.com,https://ambarprotein.com/,candidate,urllib_initial
ambergroupindia.com,https://www.ambergroupindia.com/,candidate,urllib_initial
ambicaagarbathi.com,http://ambicaagarbathi.com/,candidate,urllib_initial
ambitiousplastomac.com,http://www.ambitiousplastomac.com/,candidate,urllib_initial
amboagritec.com,http://www.amboagritec.com/,candidate,urllib_initial
ambujacement.com,https://www.ambujacement.com/,candidate,urllib_initial
amcoindialimited.com,https://amcoindialimited.com/,candidate,urllib_initial
amdindustries.com,https://www.amdindustries.com/,candidate,urllib_initial
ameenji.com,https://ameenji.com/,candidate,urllib_initial
ameyaengineers.com,https://ameyaengineers.com/,candidate,urllib_initial
amforgeindia.in,https://www.amforgeindia.in/,candidate,urllib_initial
amiablelogistics.com,https://www.amiablelogistics.com/,candidate,urllib_initial
amicforgings.com,https://www.amicforgings.com/,candidate,urllib_initial
amines.com,https://www.amines.com/,candidate,urllib_initial
amintannery.in,https://www.amintannery.in/,candidate,urllib_initial
amiorganics.com,https://acutaas.com/,candidate,urllib_initial
amitsecurities.com,https://amitsecurities.com/,candidate,urllib_initial
amjland.com,https://www.amjland.com/,candidate,urllib_initial
amkayproducts.com,https://amkayproducts.com/,candidate,urllib_initial
amrapali.co.in,https://www.amrapali.co.in/,candidate,urllib_initial
amrapali.com,https://www.amrapali.com/,candidate,urllib_initial
amrapalispot.com,https://www.amrapalispot.com/,candidate,urllib_initial
amrutanjan.com,https://www.amrutanjan.com/,candidate,urllib_initial
amtechesters.com,https://www.amtechesters.com/,candidate,urllib_initial
amwillhealthcare.com,https://www.amwillhealthcare.com/,candidate,urllib_initial
anandgroupindia.com,https://www.anandgroupindia.com/,candidate,urllib_initial
anandprojects.com,https://www.anandprojects.com/,candidate,urllib_initial
anbmetalcast.com,https://anbmetalcast.com/,candidate,urllib_initial
andhracements.com,https://www.andhracements.com/,candidate,urllib_initial
andhrapaper.com,https://andhrapaper.com/,candidate,urllib_initial
andhrapetrochemicals.com,https://theandhrapetrochemicals.com/,candidate,urllib_initial
andrewyule.com,https://www.andrewyule.com/,candidate,urllib_initial
angelbroking.com,https://www.angelone.in/,candidate,urllib_initial
angelfibers.com,https://angelfibers.com/,candidate,urllib_initial
anglifesciences.com,https://anglifesciences.com/,candidate,urllib_initial
aniintegratedservices.com,https://aniintegratedservices.com/,candidate,india_proxy
anikgroup.com,https://www.anikgroup.com/,candidate,urllib_initial
aniritventures.com,https://www.aniritventures.com/,candidate,urllib_initial
anjanicement.com,https://www.anjanicement.com/,candidate,urllib_initial
anjanifoods.in,https://www.anjanifoods.in/,candidate,urllib_initial
anjanisynthetics.com,https://anjanisynthetics.com/,candidate,urllib_initial
ankitmetal.com,https://www.ankitmetal.com/,candidate,urllib_initial
anlon.co,https://www.anlon.co/,candidate,urllib_initial
anlon.in,https://www.anlon.in/,candidate,urllib_initial
anmolindialtd.com,https://www.anmolindialtd.com/,candidate,urllib_initial
annapurnasnacks.in,https://www.annapurnasnacks.in/,candidate,urllib_initial
annuprojects.com,https://annuprojects.com/,candidate,urllib_initial
annvrridhhi.com,https://www.annvrridhhi.com/,candidate,urllib_initial
anonditamedicare.com,https://www.anonditamedicare.com/,candidate,urllib_initial
ansalabl.com,https://www.ansalabl.com/,candidate,urllib_initial
ansalapi.com,https://www.ansalapi.com/,candidate,urllib_initial
ansals.com,https://www.ansals.com/,candidate,urllib_initial
ansfoods.com,https://ansfoods.com/,candidate,urllib_initial
anthembio.com,https://anthembio.com/,candidate,urllib_initial
antony-waste.com,https://www.antony-waste.com/,candidate,urllib_initial
anubhavinfrastructure.com,https://anubhavinfrastructure.com/,candidate,urllib_initial
anubhavpole.com,https://anubhavpole.com/,candidate,urllib_initial
anuhpharma.com,https://www.anuhpharma.com/,candidate,urllib_initial
anupamfinserv.com,https://anupamfinserv.com/,candidate,urllib_initial
anupamrasayan.com,https://www.anupamrasayan.com/,candidate,urllib_initial
anupengg.com,https://www.anupengg.com/,candidate,urllib_initial
anurooppackaging.com,https://anurooppackaging.com/,candidate,urllib_initial
anuvinind.com,https://staybooster.in/,candidate,urllib_initial
apanalogistics.com,https://www.apanalogistics.com/,candidate,urllib_initial
apar.com,https://apar.com/,candidate,urllib_initial
apcotex.com,https://apcotex.com/,candidate,urllib_initial
apexecotech.com,https://www.apexecotech.com/,candidate,urllib_initial
apexfrozenfoods.in,https://apexfrozenfoods.in/,candidate,urllib_initial
apfl.in,https://www.apfl.in/,candidate,urllib_initial
apimumbai.com,https://www.apimumbai.com/,candidate,urllib_initial
apisindia.com,https://apisindia.com/en,candidate,urllib_initial
aplab.com,https://www.aplab.com/,candidate,urllib_initial
aplapollo.com,https://aplapollo.com/,candidate,urllib_initial
apmfinvest.com,https://mufingreenfinance.com/,candidate,urllib_initial
apmindustries.co.in,https://www.apmindustries.co.in/,candidate,urllib_initial
apollo-micro.com,https://apollo-micro.com/,candidate,urllib_initial
apollo.co.in,https://www.apollo.co.in/,candidate,urllib_initial
apollofinvest.com,https://www.apollofinvest.com/,candidate,urllib_initial
apollohospitals.com,https://www.apollohospitals.com/,candidate,proxy_curl
apolloingredients.in,https://www.apolloingredients.in/,candidate,urllib_initial
apollopipes.com,https://www.apollopipes.com/,candidate,urllib_initial
apollosindoori.com,https://www.apollosindoori.com/,candidate,urllib_initial
apollotechno.com,https://apollotechno.com/,candidate,urllib_initial
apollotyres.com,https://corporate.apollotyres.com/,candidate,urllib_initial
apoorvaleasingfinance.com,https://www.apoorvaleasingfinance.com/,candidate,urllib_initial
appetitefood.in,https://appetitefood.in/,candidate,urllib_initial
aptech-worldwide.com,https://www.aptech-worldwide.com/,candidate,urllib_initial
aptpackaging.in,https://www.aptpackaging.in/,candidate,urllib_initial
aptus-pharma.com,https://aptus-pharma.com/,candidate,urllib_initial
aptusindia.com,https://www.aptusindia.com/,candidate,urllib_initial
aqylon.co,https://aqylon.co/,candidate,urllib_initial
arabianpetroleum.co.in,https://www.arabianpetroleum.co/,candidate,urllib_initial
arapl.co.in,https://arapl.co.in/,candidate,urllib_initial
aravalisecurities.com,https://www.aravalisecurities.com/,candidate,urllib_initial
arcfinance.in,http://www.arcfinance.in/,candidate,urllib_initial
archanasoftware.com,https://www.archanasoftware.com/,candidate,urllib_initial
archeanchemicals.com,https://www.archeanchemicals.com/,candidate,urllib_initial
archidply.com,https://www.archidply.com/,candidate,urllib_initial
archidplydecor.com,https://www.archidplydecor.com/,candidate,urllib_initial
archiesonline.com,https://archiesonline.com/,candidate,urllib_initial
architorg.com,https://architorg.com/,candidate,urllib_initial
arcinsulations.com,https://www.arcinsulations.com/,candidate,urllib_initial
arclorganics.com,https://arclorganics.com/,candidate,urllib_initial
ardeeindustries.com,https://ardeeindustries.com/,candidate,urllib_initial
arex.co.in,https://www.arex.co.in/,candidate,urllib_initial
arfin.co.in,https://www.arfin.co.in/,candidate,urllib_initial
arhamtechnologies.co.in,https://www.arhamtechnologies.co.in/,candidate,urllib_initial
ariesagro.com,https://ariesagro.com/,candidate,urllib_initial
arihantacademy.com,https://arihantacademy.com/,candidate,urllib_initial
arihantcapital.com,https://www.arihantcapital.com/,candidate,urllib_initial
arihantspaces.com,https://www.arihantspaces.com/,candidate,urllib_initial
arisinfra.com,https://aris.in/,candidate,urllib_initial
aristobiotech.com,https://www.aristobiotech.com/,candidate,urllib_initial
aritasvinyl.com,https://www.aritasvinyl.com/,candidate,urllib_initial
arkade.in,https://arkade.in/,candidate,urllib_initial
armanindia.com,https://armanindia.com/,candidate,urllib_initial
armoursecurities.com,https://www.armoursecurities.com/,candidate,urllib_initial
arnoldholdings.in,https://arnoldholdings.in/,candidate,urllib_initial
arotile.com,https://www.arotile.com/,candidate,urllib_initial
arrowgreentech.com,https://www.arrowgreentech.com/,candidate,urllib_initial
arrowhead-dryers.com,https://www.arrowhead-dryers.com/,candidate,urllib_initial
artefactprojects.com,https://www.artefactprojects.com/,candidate,urllib_initial
artemiselectricals.com,https://artemiselectricals.com/,candidate,urllib_initial
artemishospitals.com,https://www.artemishospitals.com/,candidate,urllib_initial
artnirman.com,https://artnirman.com/,candidate,urllib_initial
artson.net,https://artson.net/,candidate,urllib_initial
arunahotels.com,https://www.arunahotels.com/,candidate,urllib_initial
arunayaorganics.com,https://arunayaorganics.com/,candidate,urllib_initial
arveelabs.com,http://arveelabs.com/,candidate,urllib_initial
arvind.com,https://www.arvind.com/,candidate,urllib_initial
arvindfashions.com,https://www.arvindfashions.com/,candidate,urllib_initial
arvindshipping.com,https://arvindportinfra.com/,candidate,urllib_initial
arvindsmartspaces.com,https://www.arvindsmartspaces.com/,candidate,urllib_initial
asahisongwon.com,https://asahisongwon.com/,candidate,urllib_initial
asarfi.in,https://www.asarfi.in/,candidate,urllib_initial
ascensiveeducare.com,https://www.ascensiveeducare.com/,candidate,urllib_initial
ascomfinance.com,https://www.ascomfinance.com/,candidate,urllib_initial
ase.life,https://www.ase.life/,candidate,urllib_initial
ashapura.com,https://www.ashapura.com/,candidate,urllib_initial
ashapura.in,https://ashapura.in/,candidate,urllib_initial
ashapurigold.com,https://ashapurigold.com/,candidate,urllib_initial
ashianahousing.com,https://www.ashianahousing.com/,candidate,urllib_initial
ashikagroup.com,https://www.ashikagroup.com/,candidate,urllib_initial
ashima.in,https://ashima.in/,candidate,urllib_initial
ashirwadcapital.co.in,https://www.ashirwadcapital.co.in/,candidate,urllib_initial
ashirwadsteels.com,https://www.ashirwadsteels.com/,candidate,urllib_initial
ashishpolyplast.com,https://ashishpolyplast.com/,candidate,urllib_initial
ashnisha.in,https://ashnisha.in/,candidate,urllib_initial
ashokabuildcon.com,https://www.ashokabuildcon.com/,candidate,urllib_initial
ashokametcast.in,https://www.ashokametcast.in/,candidate,urllib_initial
ashokarefineries.com,https://www.ashokarefineries.com/,candidate,urllib_initial
ashokleyland.com,https://www.ashokleyland.com/,candidate,urllib_initial
ashramonline.in,https://ashramonline.org/,candidate,urllib_initial
ashwinimovers.com,https://ashwinimovers.com/,candidate,urllib_initial
asiacapital.in,https://www.asiacapital.in/,candidate,urllib_initial
asianhotelsnorth.com,https://www.asianhotelsnorth.com/,candidate,urllib_initial
asianhotelswest.com,https://www.asianhotelswest.com/,candidate,urllib_initial
asianpaints.com,https://www.asianpaints.com/,candidate,urllib_initial
asianstargroup.com,https://www.asianstargroup.com/,candidate,urllib_initial
asianteaexports.com,https://www.asianteaexports.com/,candidate,urllib_initial
asianw.com,https://www.asianw.com/,candidate,urllib_initial
asiapackltd.com,http://www.asiapackltd.com/,candidate,urllib_initial
asigroup.co.in,https://www.asigroup.co.in/,candidate,urllib_initial
askbrake.com,https://askbrake.com/,candidate,urllib_initial
aslindia.net,https://www.aslindia.net/,candidate,urllib_initial
aslindustries.in,https://www.aslindustries.in/,candidate,urllib_initial
asmltd.com,https://asmltd.com/,candidate,urllib_initial
aspetindia.com,https://aspetindia.com/,candidate,urllib_initial
aspinwall.in,https://www.aspinwall.in/,candidate,urllib_initial
aspiradiagnostics.com,https://www.aspiradiagnostics.com/,candidate,urllib_initial
aspireinnovate.in,https://aspireinnovate.in/,candidate,urllib_initial
assamentrade.com,https://assamentrade.com/,candidate,urllib_initial
assbl.com,https://www.assbl.com/,candidate,urllib_initial
associatedceremics.com,https://www.associatedceremics.com/,candidate,urllib_initial
associatedcoaters.in,https://associatedcoaters.in/,candidate,urllib_initial
associatedgroup.com,http://www.associatedgroup.com/,candidate,urllib_initial
asstonpharmaceuticals.com,https://asstonpharmaceuticals.com/,candidate,urllib_initial
astallabs.com,https://astallabs.com/,candidate,urllib_initial
asterdmhealthcare.in,https://www.asterdmhealthcare.in/,candidate,urllib_initial
astralpipes.com,https://www.astralpipes.com/,candidate,urllib_initial
astrazenecaindia.com,https://www.astrazeneca.in/,candidate,proxy_curl
atcgroup.co,https://www.atcgroup.co/,candidate,urllib_initial
atenpapers.com,https://www.atenpapers.com/,candidate,urllib_initial
atharvapolyplast.in,https://atharvapolyplast.in/,candidate,urllib_initial
atharventerprises.biz,https://www.atharventerprises.biz/home,candidate,urllib_initial
athenagt.com,https://athenagt.com/,candidate,urllib_initial
atherenergy.com,https://www.atherenergy.com/,candidate,urllib_initial
atishay.com,https://atishay.com/,candidate,urllib_initial
atlasbicycles.com,https://www.atlasbicycles.com/,candidate,urllib_initial
atmastco.com,https://www.atmastco.com/,candidate,urllib_initial
atsgroup.in,https://atsgroup.in/,candidate,urllib_initial
atul.co.in,https://www.atul.co.in/,candidate,urllib_initial
atulauto.co.in,https://atulauto.co.in/,candidate,urllib_initial
atvprojects.co.in,https://atvprojects.co.in/,candidate,urllib_initial
aubank.in,https://www.au.bank.in/,candidate,urllib_initial
augmont.com,https://augmont.com/,candidate,urllib_initial
aurangabaddistillery.com,https://aurangabaddistillery.com/,candidate,urllib_initial
aureatetradde.in,https://www.aureatetradde.in/,candidate,urllib_initial
aurobindo.com,https://www.aurobindo.com/,candidate,urllib_initial
auroimpex.com,https://auroimpex.com/,candidate,urllib_initial
aurolabs.com,http://www.aurolabs.com/,candidate,urllib_initial
aurumproptech.in,https://www.aurumproptech.in/,candidate,urllib_initial
ausom.in,https://www.ausom.in/,candidate,urllib_initial
austeresystems.com,https://www.austeresystems.com/,candidate,urllib_initial
australianpremiumsolar.co.in,https://australianpremiumsolar.co.in/,candidate,urllib_initial
authum.com,https://www.authum.com/,candidate,urllib_initial
autoaxle.com,https://www.autoaxle.com/,candidate,urllib_initial
autofurnish.com,https://www.autofurnish.com/,candidate,urllib_initial
autolineind.com,https://www.autolineind.com/,candidate,urllib_initial
autopinsindia.com,https://www.autopinsindia.com/,candidate,urllib_initial
autoriders.in,https://autoriders.in/,candidate,urllib_initial
autostampings.com,https://autostampings.com/,candidate,urllib_initial
avadhsugar.com,https://avadhsugar.com/,candidate,urllib_initial
availablefinance.in,http://www.availablefinance.in/,candidate,urllib_initial
avalontec.com,https://www.avalontec.com/,candidate,urllib_initial
avanaelectrosystems.com,https://avanaelectrosystems.com/,candidate,urllib_initial
avance.in,https://www.avance.in/,candidate,urllib_initial
avantel.in,https://www.avantel.in/,candidate,urllib_initial
avantifeeds.com,https://avantifeeds.com/,candidate,urllib_initial
avaxapparels.com,https://avaxapparels.com/,candidate,urllib_initial
aveerfoods.com,https://www.aveerfoods.com/,candidate,urllib_initial
avglogistics.com,https://avglogistics.com/,candidate,urllib_initial
avianshgroup.com,https://www.avianshgroup.com/,candidate,urllib_initial
avienbio.com,https://avienbio.com/,candidate,urllib_initial
avivaindustries.com,https://www.avivaindustries.com/,candidate,urllib_initial
avonmorecapital.in,https://www.avonmorecapital.in/,candidate,urllib_initial
avpinfra.com,https://avpinfra.com/,candidate,urllib_initial
avrofurniture.com,https://www.avrofurniture.com/,candidate,urllib_initial
avsl.co.in,https://avsl.co.in/,candidate,urllib_initial
avtnatural.com,https://www.avtnatural.com/,candidate,urllib_initial
awfis.com,https://www.awfis.com/,candidate,urllib_initial
axelpolymers.com,https://www.axelpolymers.com/,candidate,urllib_initial
axisbank.com,https://www.axis.bank.in,candidate,urllib_initial
axiscades.com,https://www.axiscades.com/,candidate,urllib_initial
axisindia.in,https://axisindia.in/,candidate,urllib_initial
axitacotton.com,https://axitacotton.com/,candidate,urllib_initial
axtelindia.com,https://www.axtelindia.com/,candidate,urllib_initial
ayefin.com,https://www.ayefin.com/,candidate,urllib_initial
aymsyntex.com,https://www.aymsyntex.com/,candidate,urllib_initial
azad.in,https://azad.in/,candidate,urllib_initial
azadindiamobility.com,https://azadindiamobility.com/,candidate,urllib_initial
aztecindia.org,https://www.aztecindia.org/,candidate,urllib_initial
b-rightgroup.com,https://www.b-rightgroup.com/,candidate,urllib_initial
babaartslimited.com,https://babaartslimited.com/,candidate,urllib_initial
babafood.in,https://www.babafood.in/,candidate,urllib_initial
bacilpharma.com,https://www.hugedomains.com/domain_profile.cfm?d=bacilpharma.com,candidate,urllib_initial
bafnapharma.com,http://bafnapharma.com/,candidate,urllib_initial
bagconvergence.in,https://bagconvergence.in/,candidate,urllib_initial
bagla-group.com,https://bagla-group.com/,candidate,urllib_initial
bagmanereit.com,https://www.bagmanereit.com/,candidate,urllib_initial
bahetiindustries.com,https://www.bahetiindustries.com/,candidate,urllib_initial
baidfinserv.com,https://www.baidfinserv.com/,candidate,urllib_initial
baikakajipolymers.com,https://baikakajipolymers.com/,candidate,urllib_initial
bajajauto.com,https://www.bajajauto.com/,candidate,urllib_initial
bajajconsumercare.com,https://bajajconsumercare.com/,candidate,urllib_initial
bajajelectricals.com,https://www.bajajelectricals.com/,candidate,urllib_initial
bajajfinserv.in,https://www.bajajfinserv.in/,candidate,urllib_initial
bajajhealth.com,https://www.bajajhealth.com/,candidate,urllib_initial
bajajhindusthan.com,https://www.bajajhindusthan.com/,candidate,urllib_initial
bajajhousingfinance.in,https://www.bajajhousingfinance.in/,candidate,urllib_initial
bajajngp.com,https://bajajngp.com/,candidate,urllib_initial
bajoriagroup.in,https://www.bajoriagroup.in/,candidate,urllib_initial
balajiamines.com,https://www.balajiamines.com/,candidate,urllib_initial
balajiphosphates.com,https://www.balajiphosphates.com/,candidate,urllib_initial
balajitelefilms.com,https://www.balajitelefilms.com/,candidate,urllib_initial
balajivalvecomponents.com,https://www.balajivalvecomponents.com/,candidate,urllib_initial
balaxiventures.in,https://balaxipharma.in/,candidate,urllib_initial
balcopipes.com,https://balcopipes.com/,candidate,urllib_initial
balpharma.com,https://www.balpharma.com/,candidate,urllib_initial
baluindustries.com,https://baluindustries.com/,candidate,urllib_initial
balurghat.co.in,https://www.balurghat.co.in/,candidate,urllib_initial
bambinoagro.com,https://www.bambinoagro.com/,candidate,urllib_initial
bampl.com,https://www.bampl.com/,candidate,urllib_initial
bampslsecurities.co.in,http://www.bampslsecurities.co.in/,candidate,urllib_initial
banarasbead.com,https://www.banarasbead.com/,candidate,urllib_initial
banasfinance.wordpress.com,https://banasfinance.wordpress.com/,candidate,urllib_initial
bancoindia.com,https://bancoindia.com/,candidate,urllib_initial
bandaram.com,https://bandaram.com/,candidate,urllib_initial
bandhanbank.com,https://www.bandhan.bank.in/,candidate,urllib_initial
bangalorefortfarms.com,https://www.bangalorefortfarms.com/,candidate,urllib_initial
bangangapapers.com,https://bangangapapers.com/,candidate,urllib_initial
banggroup.com,https://www.banggroup.com/,candidate,urllib_initial
bankabio.com,https://www.bankabio.com/,candidate,urllib_initial
bankofmaharashtra.bank.in,https://bankofmaharashtra.bank.in/,candidate,urllib_initial
bannarimills.com,https://www.bannarimills.com/,candidate,urllib_initial
bansalroofing.com,https://bansalroofing.com/,candidate,urllib_initial
bansisonstea.in,https://www.bansisonstea.in/,candidate,urllib_initial
barakcement.com,https://www.barakcement.com/,candidate,urllib_initial
barbequenation.com,https://www.barbequenation.com/,candidate,urllib_initial
barflex.co.in,https://barflex.co.in/,candidate,urllib_initial
barodaextrusion.com,https://www.barodaextrusion.com/,candidate,urllib_initial
baroninfotech.com,https://www.baroninfotech.com/,candidate,urllib_initial
barooahs.com,https://www.barooahs.com/,candidate,urllib_initial
bartronics.com,https://www.bartronics.com/,candidate,urllib_initial
basantagro.com,https://www.basantagro.com/,candidate,urllib_initial
basf.com,https://www.basf.com/il/en,candidate,urllib_initial
basilicflystudio.com,https://basilicflystudio.com/,candidate,urllib_initial
batliboi.com,https://batliboi.com/,candidate,urllib_initial
bawejastudios.com,https://www.bawejastudios.com/,candidate,urllib_initial
bayer.in,https://www.bayer.in/en-in,candidate,proxy_curl
bazelinternationallimited.com,https://www.bazelinternationallimited.com/,candidate,urllib_initial
bbtcl.com,https://bbtcl.com/,candidate,urllib_initial
bccfuba.com,https://www.bccfuba.com/,candidate,urllib_initial
bccl.info,https://www.bccl.info/,candidate,urllib_initial
bcclweb.in,https://bcclweb.in/,candidate,india_proxy
bcl.ind.in,https://www.bcl.ind.in/,candidate,urllib_initial
bclenterprisesltd.in,https://www.bclenterprisesltd.in/,candidate,urllib_initial
bcommercial.org,https://www.dreamaxgroup.com/,candidate,urllib_initial
bcpowercontrols.com,https://bcpowercontrols.com/,candidate,urllib_initial
bcril.com,https://bcril.com/,candidate,urllib_initial
bdhind.com,https://www.bdhind.com/,candidate,urllib_initial
bdi-group.org,https://www.bdi-group.org/,candidate,urllib_initial
beacontrustee.co.in,https://www.beacontrustee.co.in/,candidate,urllib_initial
beardsell.co.in,https://beardsell.co.in/,candidate,urllib_initial
bectorfoods.com,https://www.bectorfoods.com/,candidate,urllib_initial
bedmutha.com,https://bedmutha.com/,candidate,urllib_initial
beekaysteel.com,https://www.beekaysteel.com/,candidate,urllib_initial
beeyuoverseas.in,https://www.beeyuoverseas.in/,candidate,urllib_initial
beezaasan.com,https://beezaasan.com/,candidate,urllib_initial
beharilalengineering.com,https://www.beharilalengineering.com/,candidate,urllib_initial
belding.ltd,https://www.belding.ltd/,candidate,urllib_initial
bellacasa.in,https://bellacasa.in/,candidate,urllib_initial
belriseindustries.com,https://www.belriseindustries.com/,candidate,urllib_initial
bemcohydraulics.net,https://bemcohydraulics.net/,candidate,urllib_initial
bemlindia.in,https://www.bemlindia.in/,candidate,urllib_initial
benara-phb.com,https://benara-phb.com/,candidate,urllib_initial
benareshotelslimited.com,https://www.benareshotelslimited.com/,candidate,urllib_initial
benchmarksolution.com,https://benchmarksolution.com/,candidate,urllib_initial
bengalassam.com,https://bengalassam.com/,candidate,urllib_initial
bergerpaints.com,https://www.bergerpaints.com/,candidate,urllib_initial
bervin.com,https://www.bervin.com/,candidate,proxy_curl
beryldrugs.com,https://www.beryldrugs.com/,candidate,urllib_initial
bestagrolife.com,https://www.bestagrolife.com/,candidate,urllib_initial
betadrugslimited.com,https://www.betadrugslimited.com/,candidate,urllib_initial
betala.net,https://www.betala.net/,candidate,urllib_initial
betexindia.com,https://www.betexindia.com/,candidate,urllib_initial
bewltd.com,https://www.bewltd.com/,candidate,urllib_initial
bfilpune.com,https://www.bfilpune.com/,candidate,urllib_initial
bflfin.com,https://bflfin.com/,candidate,urllib_initial
bfutilities.com,http://www.bfutilities.com/,candidate,urllib_initial
bgil.in,http://bgil.in/,candidate,urllib_initial
bgilfilms.com,https://bgilfilms.com/,candidate,urllib_initial
bgrcorp.com,https://www.bgrcorp.com/,candidate,urllib_initial
bhageriagroup.com,https://bhageriagroup.com/,candidate,urllib_initial
bhagirad.com,https://www.bhagirad.com/,candidate,urllib_initial
bhagwati.com,https://www.bhagwati.com/,candidate,urllib_initial
bhagyanagarindia.com,https://bhagyanagarindia.com/,candidate,urllib_initial
bhaktijewellery.com,https://www.bhaktijewellery.com/,candidate,urllib_initial
bhandariexport.com,https://www.bhandariexport.com/,candidate,urllib_initial
bhansaliabs.com,https://www.bhansaliabs.com/,candidate,urllib_initial
bharatbijlee.com,https://www.bharatbijlee.com/,candidate,urllib_initial
bharatforge.com,https://www.bharatforge.com/,candidate,urllib_initial
bharatgears.com,https://www.bharatgears.com/,candidate,urllib_initial
bharatgroup.co.in,https://www.bharatgroup.co.in/,candidate,urllib_initial
bharatpetroleum.in,https://www.bharatpetroleum.in/index,confirmed,direct_noverify
bharatrohan.in,https://bharatrohan.in/,candidate,urllib_initial
bharatseats.com,https://bharatseats.com/,candidate,urllib_initial
bharattarpaulin.com,https://bharattarpaulin.com/,candidate,urllib_initial
bharatwireropes.com,https://www.bharatwireropes.com/,candidate,urllib_initial
bhartihexacom.in,https://www.bhartihexacom.in/,candidate,urllib_initial
bhartiya.com,https://www.bhartiya.com/,candidate,urllib_initial
bhaskaragro.com,https://bhaskaragro.com/,candidate,urllib_initial
bhatiacoalindia.com,https://www.bhatiacoalindia.com/,candidate,urllib_initial
bhatiamobile.com,https://bhatiamobile.com/,candidate,urllib_initial
bhel.com,https://www.bhel.com/,candidate,urllib_initial
bhil.in,https://www.bhil.in/,candidate,india_proxy
bhilwaraspinners.com,https://www.bhilwaraspinners.com/,candidate,urllib_initial
bhvl.in,https://bhvl.in/,candidate,urllib_initial
bibcol.com,https://www.bibcol.com/,candidate,urllib_initial
bika.co.in,https://applyonline24.in/,candidate,urllib_initial
bikaji.com,https://www.bikaji.com/,candidate,urllib_initial
bikewo.in,https://www.bikewo.in/,candidate,urllib_initial
bilcare-group.com,https://bilcare-group.com/,candidate,urllib_initial
billwinindustries.com,https://billwinindustries.com/,candidate,urllib_initial
bimite.co.in,https://www.bimite.co.in/,candidate,urllib_initial
binaniindustries.com,https://www.binaniindustries.com/,candidate,urllib_initial
binayaktex.com,https://binayaktex.com/,candidate,urllib_initial
bindalexports.com,https://www.bindalexports.com/,candidate,urllib_initial
biofilgroup.net,https://www.biofilgroup.net/,candidate,urllib_initial
biomedica.co.in,https://biomedica.co.in/,candidate,urllib_initial
biopolchemicals.com,https://biopolchemicals.com/,candidate,urllib_initial
birdgroup.co.in,https://birdgroup.co.in/,candidate,urllib_initial
birdys.in,https://birdys.in/,candidate,urllib_initial
birlacable.com,https://www.birlacable.com/,candidate,urllib_initial
birlacorporation.com,https://birlacorporation.com/,candidate,urllib_initial
birlacotsyn.com,https://www.birlacotsyn.com/,candidate,urllib_initial
birlaprecision.com,https://www.birlaprecision.com/,candidate,urllib_initial
birlasoft.com,https://www.birlasoft.com/,candidate,urllib_initial
bits.net.in,https://www.bits.net.in/,candidate,urllib_initial
bjduplexboard.com,https://bjduplexboard.com/,candidate,urllib_initial
bkn.bajoriagroup.in,http://bkn.bajoriagroup.in/,candidate,urllib_initial
bkt-tires.com,https://www.bkt-tires.com/,candidate,urllib_initial
bkvindustries.in,https://www.bkvindustries.in/,candidate,urllib_initial
blackbox.com,https://www.blackbox.com/,candidate,urllib_initial
blackbuck.com,https://www.blackbuck.com/,candidate,urllib_initial
blackrosechemicals.com,https://www.blackrosechemicals.com/,candidate,urllib_initial
blal.in,https://blal.in/,candidate,urllib_initial
blblimited.com,https://www.blblimited.com/,candidate,urllib_initial
blinv.com,https://www.blinv.com/,candidate,urllib_initial
blissgvs.com,https://www.blissgvs.com/,candidate,urllib_initial
blkashyap.com,https://www.blkashyap.com/,candidate,urllib_initial
blseservices.com,https://blseservices.com/,candidate,urllib_initial
blsinternational.com,https://www.blsinternational.com/,candidate,urllib_initial
bltlogistics.com,https://www.bltlogistics.com/,candidate,urllib_initial
bluechipind.net,https://www.bluechipind.net/,candidate,urllib_initial
bluechiptexindustrieslimited.com,https://www.bluechiptexindustrieslimited.com/,candidate,urllib_initial
bluecloudsoftech.com,https://bluecloudsoftech.com/,candidate,urllib_initial
bluecoast.in,https://www.bluecoast.in/,candidate,urllib_initial
bluedart.com,https://www.bluedart.com/,candidate,urllib_initial
bluejethealthcare.com,https://bluejethealthcare.com/,candidate,urllib_initial
bluepearltexspin.com,https://www.bluepearltexspin.com/,candidate,urllib_initial
bluepebble.in,http://www.bluepebble.in/,candidate,urllib_initial
bluestone.com,https://www.bluestone.com/,candidate,urllib_initial
bluspring.com,https://www.bluspring.com/,candidate,urllib_initial
bmlindia.com,https://www.bmlindia.com/,candidate,urllib_initial
bmwil.co.in,https://www.bmwil.co.in/,candidate,urllib_initial
bmwventures.com,https://www.bmwventures.com/,candidate,urllib_initial
bnrul.com,https://bnrul.com/,candidate,urllib_initial
bnt-talbros.com,https://www.bnt-talbros.com/,candidate,urllib_initial
bodhitreemultimedia.com,https://www.bodhitreemultimedia.com/,candidate,urllib_initial
bodhtree.ai,https://datakosa.ai/,candidate,urllib_initial
bombaydyeing.com,https://www.bombaydyeing.com/,candidate,urllib_initial
bombaysuperseeds.com,https://www.bombaysuperseeds.com/,candidate,urllib_initial
bombaywireropes.com,https://www.bombaywireropes.com/,candidate,urllib_initial
bomoxy.com,http://www.bomoxy.com/,candidate,urllib_initial
bondada.net,https://www.bondada.net/,candidate,urllib_initial
bonlonindustries.com,https://www.bonlonindustries.com/,candidate,urllib_initial
boranagroup.in,https://www.boranagroup.in/,candidate,urllib_initial
borosil.com,https://www.borosil.com/,candidate,urllib_initial
borosilrenewables.com,https://borosilrenewables.com/,candidate,urllib_initial
borosilscientific.com,https://www.borosilscientific.com/,candidate,urllib_initial
bosch-homecomfortgroup.com,https://www.bosch-homecomfortgroup.com/en/startpage.html,candidate,urllib_initial
bosch.in,https://www.bosch.in/,candidate,urllib_initial
bosspackaging.in,https://bosspackaging.in/,candidate,urllib_initial
bostonbiosystemltd.com,https://bostonbiosystemltd.com/,candidate,urllib_initial
boxandboard.in,https://boxandboard.in/,candidate,urllib_initial
bpcapital.in,https://www.bpcapital.in/,candidate,urllib_initial
bpl.in,https://www.bpl.in/,candidate,urllib_initial
bplindia.in,https://www.bplindia.in/,candidate,urllib_initial
bpml.in,https://www.bpml.in/,candidate,urllib_initial
braceport-logistics.com,https://braceport-logistics.com/,candidate,urllib_initial
bradys.in,https://bradys.in/,candidate,urllib_initial
brahmaputragroup.com,https://brahmaputragroup.com/,candidate,urllib_initial
brandconcepts.in,https://www.brandconcepts.in/,candidate,urllib_initial
brandmanretail.com,https://brandmanretail.com/,candidate,urllib_initial
brandrealty.in,https://www.brandrealty.in/,candidate,urllib_initial
brawnbiotech.com,https://brawnbiotech.com/,candidate,urllib_initial
brcl.in,http://www.brcl.in/,candidate,urllib_initial
brginfra.in,https://brginfra.com/,candidate,urllib_initial
brigadegroup.com,https://www.brigadegroup.com/,confirmed,direct_noverify
brightbrothers.co.in,https://brightbrothers.co.in/,candidate,urllib_initial
brightcomgroup.com,https://www.brightcomgroup.com/,candidate,urllib_initial
brisk-india.com,https://www.brisk-india.com/,candidate,urllib_initial
britannia.co.in,https://www.britannia.co.in/,candidate,urllib_initial
brnl.in,https://brnl.in/,candidate,urllib_initial
brookfieldindiareit.in,https://www.brookfieldindiareit.in/,confirmed,direct
bseindia.com,https://www.bseindia.com/,candidate,urllib_initial
bsel.com,http://www.bsel.com/,candidate,urllib_initial
bsil.org.in,http://www.bsil.org.in/,candidate,urllib_initial
bslltd.com,https://www.bslltd.com/,candidate,urllib_initial
bttl.co.in,https://www.bttl.co.in/,candidate,urllib_initial
bulkcorp-int.com,https://www.bulkcorp-int.com/,candidate,urllib_initial
burgerking.in,https://www.burgerking.in/,candidate,urllib_initial
burnpurcement.com,https://www.burnpurcement.com/,candidate,urllib_initial
butterflyindia.com,https://butterflyindia.com/,candidate,urllib_initial
bwl.co.in,https://bwl.co.in/,candidate,urllib_initial
c2c-as.com,https://c2c-as.com/,candidate,urllib_initial
cadsystech.com,https://cadsystech.com/,candidate,urllib_initial
calcomindia.com,https://calcomindia.com/,candidate,urllib_initial
calsof.com,http://www.calsof.com/,candidate,urllib_initial
camexltd.com,https://camexltd.com/,candidate,urllib_initial
camlinfs.com,https://www.camlinfs.com/,candidate,urllib_initial
campusactivewear.com,https://www.campusactivewear.com/,candidate,urllib_initial
camsonline.com,https://www.camsonline.com/,candidate,urllib_initial
canarabank.com,https://www.canarabank.bank.in/,candidate,urllib_initial
canarahsbclife.com,https://www.canarahsbclife.com/,confirmed,direct_noverify
canararobeco.com,https://www.canararobeco.com/,candidate,urllib_initial
canfinhomes.com,https://www.canfinhomes.com/,candidate,urllib_initial
capacite.in,https://capacite.in/,candidate,urllib_initial
capital-trust.com,https://www.hugedomains.com/domain_profile.cfm?d=capital-trust.com,candidate,urllib_initial
capitalindia.com,https://www.capitalindia.com/,candidate,urllib_initial
capitalinfratrust.com,https://capitalinfratrust.com/,candidate,urllib_initial
capitalnumbers.com,https://www.capitalnumbers.com/,candidate,urllib_initial
capitaltrade.in,https://www.capitaltrade.in/,candidate,urllib_initial
caplinpoint.net,https://www.caplinpoint.net/,candidate,urllib_initial
capricornsys-global.com,http://www.capricornsys-global.com/,candidate,urllib_initial
caprihansindia.com,https://www.caprihansindia.com/,candidate,urllib_initial
capriloans.in,https://www.capriloans.in/,candidate,urllib_initial
caprolactam.in,https://caprolactam.co.in/,candidate,urllib_initial
captainpipes.com,https://captainpipes.com/,candidate,urllib_initial
captainpolyplast.com,https://captainpolyplast.com/,candidate,urllib_initial
captaintechnocast.com,https://captaintechnocast.com/,candidate,urllib_initial
caravelabeachresortgoa.com,https://www.caravelabeachresortgoa.com/,candidate,urllib_initial
cardindia.com,http://cardindia.com/,candidate,urllib_initial
careerpoint.ac.in,https://careerpointgroup.com/,candidate,urllib_initial
careratings.com,https://www.careratings.com/,candidate,urllib_initial
cargosol.com,https://www.cargosol.com/,candidate,urllib_initial
cargotrans.in,https://www.cargotrans.in/,candidate,urllib_initial
carnation.org.in,https://www.carnation.org.in/,candidate,urllib_initial
carraroindia.com,https://www.carraroindia.com/,candidate,proxy_curl
cartradetech.com,https://www.cartradetech.com/,candidate,urllib_initial
carysil.com,https://carysil.com/,candidate,urllib_initial
cashurdrive.com,https://www.cashurdrive.com/,candidate,urllib_initial
caspianservices.in,https://www.caspianservices.in/,candidate,urllib_initial
castrol.co.in,https://www.castrol.com/content/dam/infrastructure/nav-apps/castrol/castrol-geolocation-redirect/landing-page.html,candidate,urllib_initial
catvisionindia.com,https://www.catvisionindia.com/,candidate,urllib_initial
cbcpharma.com,https://cbcpharma.com/,candidate,urllib_initial
ccapltd.in,https://www.ccapltd.in/,candidate,urllib_initial
ccclindia.com,https://ccclindia.com/,candidate,urllib_initial
cclproducts.com,https://www.cclproducts.com/,candidate,urllib_initial
cdgroup.in,https://daaz.com/lander/?name=cdgroup.in,candidate,urllib_initial
cdslindia.com,https://www.cdslindia.com/,candidate,urllib_initial
ceat.com,https://www.ceat.com/,candidate,urllib_initial
cedaartextile.com,https://cedaartextile.com/,candidate,urllib_initial
ceeta.com,https://www.ceeta.com/,candidate,urllib_initial
ceigall.com,https://ceigall.com/,candidate,urllib_initial
cel.net.in,http://cel.net.in/,candidate,urllib_initial
cellecor.com,https://cellecor.com/,candidate,urllib_initial
cellpoint.biz,https://www.cellpoint.biz/,candidate,urllib_initial
cemanticinfra.com,https://www.cemanticinfra.com/,candidate,urllib_initial
cemindia.co.in,https://www.cemindia.co.in/,candidate,urllib_initial
cenlub.in,https://cenlub.in/,candidate,urllib_initial
centenialindia.com,https://centenialindia.com/,candidate,urllib_initial
centralbankofindia.co.in,https://centralbank.bank.in/en,candidate,urllib_initial
centumelectronics.com,https://www.centumelectronics.com/,candidate,urllib_initial
centuryenka.com,https://www.centuryenka.com/,candidate,urllib_initial
centuryextrusions.com,https://www.centuryextrusions.com/,candidate,urllib_initial
centuryply.com,https://www.centuryply.com/,candidate,urllib_initial
centurytextind.com,http://www.centurytextind.com/,candidate,urllib_initial
cera-india.com,https://www.cera-india.com/,candidate,urllib_initial
cerebracomputers.com,https://www.cerebracomputers.com/,candidate,urllib_initial
cfel.co.in,https://cfel.co.in/,candidate,urllib_initial
cffdefensys.com,https://cffdefensys.com/,candidate,urllib_initial
cgglobal.com,https://www.cgglobal.com/,candidate,urllib_initial
chalethotels.com,https://www.chalethotels.com/,candidate,urllib_initial
chambalfertilisers.in,https://www.chambalfertilisers.in/,candidate,urllib_initial
chambalkota.in,https://www.chambalkota.in/,candidate,urllib_initial
chamundaconst.com,https://www.chamundaconst.com/,candidate,urllib_initial
chandandiagnostic.com,https://chandandiagnostic.com/,candidate,urllib_initial
charteredcapital.net,https://www.charteredcapital.net/,candidate,urllib_initial
chavdainfra.com,https://www.chavdainfra.com/,candidate,urllib_initial
chembondindia.com,https://www.chembondindia.com/,candidate,urllib_initial
chemcrux.com,https://www.chemcrux.com/,candidate,urllib_initial
chemfabalkalis.com,https://chemfabalkalis.com/,candidate,urllib_initial
chemiesynth.com,https://chemiesynth.com/,candidate,urllib_initial
chemplastsanmar.com,https://www.chemplastsanmar.com/,candidate,urllib_initial
chemtechvalves.com,https://www.chemtechvalves.com/,candidate,urllib_initial
chetanaeducation.com,https://chetanaeducation.com/,candidate,urllib_initial
chini.com,https://chini.com/,candidate,urllib_initial
chiraharit.com,https://chiraharit.com/,candidate,urllib_initial
choiceindia.com,https://choiceindia.com:443/,candidate,urllib_initial
choksilab.com,http://www.choksilab.com/,candidate,urllib_initial
choksiworld.com,https://www.choksiworld.com/,candidate,urllib_initial
cholafhl.com,https://www.cholafhl.com/,candidate,urllib_initial
chordiafoods.com,https://chordiafoods.com/,candidate,urllib_initial
chothanifoodslimited.com,http://www.chothanifoodslimited.com/,candidate,urllib_initial
chowgulesteamships.co.in,https://www.chowgulesteamships.co.in/,candidate,urllib_initial
chplindustriesltd.com,https://chplindustriesltd.com/,candidate,urllib_initial
chromesilicon.com,https://www.chromesilicon.com/,candidate,urllib_initial
chtrbox.com,https://chtrbox.com/,candidate,urllib_initial
cian.co,https://cian.co/,candidate,urllib_initial
cianindustries.com,https://www.cianindustries.com/,candidate,urllib_initial
cie-india.com,https://www.cie-india.com/,candidate,urllib_initial
cilsecurities.com,https://www.cilsecurities.com/,candidate,urllib_initial
cindrellahotels.com,https://www.cindrellahotels.com/,candidate,urllib_initial
cindrellahotelsltd.com,https://cindrellahotelsltd.com/,candidate,urllib_initial
cinevistaas.com,http://www.cinevistaas.com/,candidate,urllib_initial
cipla.com,https://www.cipla.com/,candidate,urllib_initial
citadelrealty.in,https://www.citadelrealty.in/,candidate,urllib_initial
citichemindia.com,https://www.citichemindia.com/,candidate,urllib_initial
citiport.in,https://citiport.in/,candidate,urllib_initial
citiustransnet.in,https://www.citiustransnet.in/,candidate,urllib_initial
citizeninfoline.com,https://www.citizensolar.com/investors,candidate,urllib_initial
cityonlines.com,https://www.cityonlines.com/,candidate,urllib_initial
cityunionbank.com,https://www.cityunionbank.com/,candidate,urllib_initial
cjgelatineproducts.com,https://www.cjgelatineproducts.com/,candidate,urllib_initial
ckkretailmart.com,https://www.ckkretailmart.com/,candidate,urllib_initial
clara.co.in,https://clara.co.in/,candidate,urllib_initial
classicelectrodes.com,https://classicelectrodes.com/,candidate,urllib_initial
classicfilamentsltd.com,https://classicfilamentsltd.com/,candidate,urllib_initial
claycraftindia.com,https://www.claycraftindia.com/,candidate,urllib_initial
clcindia.com,https://www.clcindia.com/,candidate,urllib_initial
cleanmax.com,https://www.cleanmax.com/,candidate,urllib_initial
cleanscience.co.in,https://cleanscience.co.in/,candidate,urllib_initial
cleducate.com,https://www.cleducate.com/,candidate,urllib_initial
clioinfotech.com,https://clioinfotech.com/,candidate,urllib_initial
clnenergy.in,https://www.clnenergy.in/,candidate,urllib_initial
cloudworkmates.com,https://cloudworkmates.com/,candidate,urllib_initial
clubemerald.in,https://www.clubemerald.in/,candidate,urllib_initial
clubmahindra.com,https://www.clubmahindra.com/,candidate,urllib_initial
cmifpe.com,https://cmifpe.com/,candidate,urllib_initial
cmilimited.in,https://cmilimited.in/,candidate,urllib_initial
cml.net.in,http://www.cml.net.in/,candidate,urllib_initial
cmll.in,https://cmll.in/,candidate,urllib_initial
cmmh.in,http://www.cmmh.in/,candidate,urllib_initial
cmpdi.co.in,https://www.cmpdi.co.in:443/hi,candidate,urllib_initial
cmrlindia.com,https://cmrlindia.com/,candidate,urllib_initial
cms.com,https://www.cms.com/,candidate,urllib_initial
cniresearchltd.com,https://cniresearchltd.com/,candidate,urllib_initial
cnpcl.com,https://www.cnpcl.com/,candidate,urllib_initial
coalindia.in,https://www.coalindia.in/,confirmed,direct_noverify
coastalcorp.co.in,http://coastalcorp.co.in/,candidate,urllib_initial
coastalroadways.com,https://www.coastalroadways.com/,candidate,urllib_initial
cochinmalabar.in,https://www.cochinmalabar.in/,candidate,urllib_initial
coforge.com,https://www.coforge.com/,candidate,urllib_initial
cohance.com,https://www.cohance.com/,candidate,urllib_initial
colabcloud.in,https://www.colabplatforms.com/,candidate,urllib_initial
colgate.co.in,https://www.colgate.com/en-in,candidate,proxy_curl
colinz.com,https://www.colinz.com/,candidate,urllib_initial
combatdrugs.in,https://www.combatdrugs.in/,candidate,urllib_initial
comfortcommotrade.com,https://www.comfortcommotrade.com/,candidate,urllib_initial
comfortfincap.com,https://www.comfortfincap.com/,candidate,urllib_initial
comfortintech.com,https://www.comfortintech.com/,candidate,urllib_initial
commandpolymers.com,https://www.commandpolymers.com/,candidate,urllib_initial
committedgroup.com,https://www.committedgroup.com/,candidate,urllib_initial
compuageindia.com,http://www.compuageindia.com/,candidate,urllib_initial
compucom.co.in,https://compucom.co.in/,candidate,urllib_initial
comrade.net.in,https://comrade.net.in/,candidate,urllib_initial
conartengineers.com,https://www.conartengineers.com/,candidate,urllib_initial
concordbiotech.com,https://concordbiotech.com/,candidate,urllib_initial
concorddrugs.in,https://concorddrugs.in/,candidate,urllib_initial
concordenviro.in,https://www.concordenviro.in/,candidate,urllib_initial
concordgroup.in,https://www.concordgroup.in/,candidate,urllib_initial
confidencepetro.com,https://confidencegroup.co/,candidate,urllib_initial
connectzone.in,https://www.connectzone.in/,candidate,urllib_initial
consecutiveinvestment.com,https://consecutiveinvestment.com/,candidate,urllib_initial
consofinvest.com,http://www.consofinvest.com/,candidate,urllib_initial
continentalsecuritiesltd.com,https://www.continentalsecuritiesltd.com/,candidate,urllib_initial
continentalseeds.co.in,https://continentalseeds.co.in/,candidate,urllib_initial
controlprint.com,https://controlprint.com/,candidate,urllib_initial
coolcapsindustries.in,https://coolcapsindustries.in/,candidate,urllib_initial
corallab.com,https://corallab.com/,candidate,urllib_initial
cordeliacruises.com,https://www.cordeliacruises.com/,candidate,urllib_initial
cordscable.com,https://cordscable.com/,candidate,urllib_initial
coromandel.biz,https://www.coromandel.biz/,candidate,urllib_initial
coromandelengg.com,https://coromandelengg.com/,candidate,urllib_initial
coronaremedies.com,https://www.coronaremedies.com/,candidate,urllib_initial
corpus.com,https://www.corpus.com/,candidate,urllib_initial
cosmiccrf.com,https://cosmiccrf.com/,candidate,urllib_initial
cosmoferrites.com,https://www.cosmoferrites.com/,candidate,urllib_initial
cosmofilms.com,https://www.cosmofilms.com/,candidate,urllib_initial
countryclubindia.net,https://countryclubindia.net/,candidate,urllib_initial
countrycondos.co.in,https://www.countrycondos.co.in/,candidate,urllib_initial
covance.ai,https://covance.ai/,candidate,urllib_initial
covidh.co.in,https://covidh.co.in/,candidate,urllib_initial
cpedutech.in,https://cpedutech.in/,candidate,urllib_initial
cpil.com,https://www.cpil.com/,candidate,urllib_initial
cpsshapersltd.com,https://www.cpsshapersltd.com/,candidate,urllib_initial
craftsmanautomation.com,https://www.craftsmanautomation.com/,candidate,urllib_initial
cranegroup.in,https://www.cranegroup.in/,candidate,urllib_initial
cranessoftware.com,https://www.cranessoftware.com/,candidate,urllib_initial
cranexltd.com,https://www.cranexltd.com/,candidate,urllib_initial
cravatex.com,https://cravatex.com/,candidate,urllib_initial
creative-cast.com,https://www.creative-cast.com/,candidate,urllib_initial
creativegraphics.net.in,https://creativegraphics.group/,candidate,urllib_initial
creativenewtech.com,https://creativenewtech.com/,candidate,urllib_initial
credentglobal.com,https://credentglobal.com/,candidate,urllib_initial
creditaccessgrameen.in,https://www.creditaccessgrameen.in/,candidate,urllib_initial
credobrands.in,https://www.credobrands.in/,candidate,urllib_initial
cressandasolutionsltd.com,http://ww547.cressandasolutionsltd.com/?tkn=19vnMT3S,candidate,urllib_initial
crest.co.in,https://www.crest.in/,candidate,urllib_initial
crestchemlimited.in,https://www.crestchemlimited.in/,candidate,urllib_initial
crizac.com,https://www.crizac.com/,candidate,urllib_initial
crmetal.in,https://www.crmetal.in/,candidate,urllib_initial
crompton.co.in,https://www.crompton.co.in/,candidate,urllib_initial
croplifescience.com,https://croplifescience.com/,candidate,urllib_initial
crownlifters.com,https://crownlifters.com/,candidate,urllib_initial
cryogenicogs.com,https://www.cryogenicogs.com/,candidate,urllib_initial
cscpl.com,https://cscpl.com/,candidate,urllib_initial
cslfinance.in,https://cslfinance.in/,candidate,urllib_initial
csm.tech,https://www.csm.tech/,candidate,urllib_initial
csmlgroup.com,https://csmlgroup.com/,candidate,urllib_initial
cssindia.in,https://www.cssindia.in/,candidate,urllib_initial
cstech.ai,https://cstech.ai/,candidate,urllib_initial
cteil.com,https://www.cteil.com/,candidate,urllib_initial
ctepl.com,https://www.ctepl.com:443/,candidate,urllib_initial
ctllab.in,https://ctllab.in/,candidate,urllib_initial
cubextubings.com,https://www.cubextubings.com/,candidate,urllib_initial
cupidalcobev.com,https://cupidalcobev.com/,candidate,urllib_initial
cupidlimited.com,https://www.cupidlimited.com/,candidate,urllib_initial
curisls.com,https://curisls.com/,candidate,urllib_initial
currentinfra.com,https://www.currentinfra.com/,candidate,urllib_initial
cv.tatamotors.com,https://cv.tatamotors.com/,candidate,india_proxy
cwdin.com,https://www.cwdin.com/,candidate,urllib_initial
cybele.co.in,https://cybele.in/,candidate,urllib_initial
cybermedia.co.in,https://cybermedia.co.in/,candidate,urllib_initial
cybertech.com,https://cybertech.com/,candidate,urllib_initial
cyient.com,https://www.cyient.com/,candidate,urllib_initial
cyientdlm.com,https://www.cyientdlm.com/,candidate,urllib_initial
dabur.com,https://www.dabur.com/,candidate,urllib_initial
dachepalli.com,https://www.dachepalli.com/,candidate,urllib_initial
dacl.co.in,https://dacl.co.in/,candidate,urllib_initial
dagabusiness.com,https://www.dagabusiness.com/,candidate,urllib_initial
daikaffil.com,https://www.daikaffil.com/,candidate,urllib_initial
dalalstreetinvestments.com,https://www.dalalstreetinvestments.com/,candidate,urllib_initial
dalmiabharat.com,https://www.dalmiabharat.com/,candidate,india_proxy
damodargroup.com,https://damodargroup.com/,candidate,urllib_initial
dangeedums.com,https://www.dangeedums.com/,candidate,urllib_initial
danish.co.in,https://www.danish.co.in/,candidate,urllib_initial
danlawtechnologies.com,https://danlawtechnologies.com/,candidate,urllib_initial
danubeindustries.com,https://danubeindustries.com/,candidate,urllib_initial
dapsadvertising.com,https://dapsadvertising.com/,candidate,urllib_initial
darcredit.com,https://www.darcredit.com/,candidate,urllib_initial
darshanorna.com,https://www.darshanorna.com/,candidate,urllib_initial
datamatics.com,https://www.datamatics.com/,candidate,urllib_initial
dataoils.com,https://dataoils.com/,candidate,urllib_initial
datapatternsindia.com,https://www.datapatternsindia.com/,candidate,urllib_initial
daulatsec.com,https://daulatsec.com/,candidate,urllib_initial
davinsonsretail.com,https://www.davinsonsretail.com/,candidate,urllib_initial
dbcorpltd.com,https://dbcorpltd.com/,candidate,urllib_initial
dbrealty.co.in,https://www.dbrealty.co.in/,candidate,urllib_initial
dcbbank.com,https://www.dcb.bank.in/,candidate,urllib_initial
dcgcableswiresltd.com,https://www.dcgcableswiresltd.com/,candidate,urllib_initial
dcinfotech.com,https://www.dcinfotech.com/,candidate,urllib_initial
dcl.net.in,https://www.dcl.net.in/,candidate,urllib_initial
dcm.in,https://dcm.in/,candidate,urllib_initial
dcmnvl.com,https://www.dcmnvl.com/,candidate,urllib_initial
dcmshriram.com,https://www.dcmshriram.com/,candidate,urllib_initial
dcmsil.com,https://dcmsil.com/,candidate,urllib_initial
dcmsr.com,https://www.dcmsr.com/,candidate,urllib_initial
dcwltd.com,https://dcwltd.com/,candidate,urllib_initial
dcxindia.com,https://dcxindia.com/,candidate,urllib_initial
ddevgroup.in,https://www.ddevgroup.in/,candidate,urllib_initial
debockgroup.com,https://debockgroup.com/,candidate,urllib_initial
deccancements.com,https://deccancements.com/index.php,candidate,urllib_initial
deccanhealthcare.co.in,https://www.deccanhealthcare.co.in/,candidate,urllib_initial
deccanpolypacks.com,https://www.deccanpolypacks.com/,candidate,urllib_initial
deccantrans.com,https://www.deccantrans.com/,candidate,urllib_initial
decillion.co.in,https://www.decillion.co.in/,candidate,urllib_initial
deemrolls.com,https://www.deemrolls.com/,candidate,urllib_initial
deepajewel.com,https://www.deepajewel.com/,candidate,urllib_initial
deepakchemtex.in,https://www.deepakchemtex.in/,candidate,urllib_initial
deepindustries.com,https://www.deepindustries.com/,candidate,urllib_initial
deepiping.com,https://www.deepiping.com/,candidate,urllib_initial
deeppoly.com,https://deeppoly.com/,candidate,urllib_initial
deeptialloysteel.com,https://www.deeptialloysteel.com/,candidate,urllib_initial
delaplex.in,https://delaplex.in/,candidate,urllib_initial
delhi.apollohospitals.com,https://www.apollohospitals.com/delhi,candidate,proxy_curl
delhivery.com,https://www.delhivery.com/,candidate,urllib_initial
deltacorp.in,https://www.deltacorp.in/,candidate,proxy_curl
deltamagnets.com,https://www.deltamagnetsgroup.com/dml/,candidate,urllib_initial
deltic.co,https://deltic.co/,candidate,urllib_initial
deltoncables.com,https://www.deltoncables.com/,candidate,urllib_initial
demacsteel.com,https://demacsteel.com/,candidate,urllib_initial
deneerstools.com,https://deneerstools.com/,candidate,urllib_initial
denischemlab.com,https://denischemlab.com/,candidate,urllib_initial
dennetworks.com,https://dennetworks.com/,candidate,urllib_initial
denora.com,https://www.denora.com/,candidate,urllib_initial
denta.co.in,https://denta.co.in/,candidate,urllib_initial
dentalkart.com,https://www.dentalkart.com/,candidate,urllib_initial
descoinfra.co.in,https://www.descoinfra.co.in/,candidate,urllib_initial
deshrakshak.in,https://www.deshrakshak.in/,candidate,urllib_initial
devitpl.com,https://devitpl.com/,candidate,urllib_initial
devkileasing.com,http://ww17.devkileasing.com/,candidate,urllib_initial
devlabtechventure.com,https://www.devlabtechventure.com/,candidate,urllib_initial
devsongroup.com,https://www.devsongroup.com/,candidate,urllib_initial
devx.work,https://www.devx.work/,candidate,urllib_initial
dfclogistics.in,https://www.dfclogistics.in/,candidate,urllib_initial
dfl.net.in,https://www.dfl.net.in/,candidate,urllib_initial
dfslonline.com,http://www.dfslonline.com/,candidate,urllib_initial
dhampur.com,https://www.dhampur.com/,candidate,urllib_initial
dhampurgreen.com,https://www.dhampurgreen.com/,candidate,urllib_initial
dhampursugar.com,https://www.dhampursugar.com/,candidate,urllib_initial
dhanbank.com,https://www.dhan.bank.in/,candidate,urllib_initial
dhanlaxmiseeds.com,https://dhanlaxmiseeds.com/,candidate,urllib_initial
dhanroto.com,https://dhanroto.com/,candidate,urllib_initial
dhansafal.com,https://dhansafal.com/,candidate,urllib_initial
dhansalabs.com,https://dhansalabs.com/,candidate,urllib_initial
dhanuka.com,https://www.dhanuka.com/,candidate,urllib_initial
dhanwelseeds.com,https://www.dhanwelseeds.com/,candidate,urllib_initial
dharapratiksha.com,https://www.dharapratiksha.com/,candidate,urllib_initial
dhariwalcorporation.com,https://www.dhariwalcorporation.com/,candidate,urllib_initial
dharmajcrop.com,https://www.dharmajcrop.com/,candidate,urllib_initial
dharnicapital.com,https://dharnicapital.com/,candidate,urllib_initial
dhatre.com,https://dhatre.com/,candidate,urllib_initial
dhavalpackaging.com,https://www.dhavalpackaging.com/,candidate,urllib_initial
dhootfinance.com,https://www.dhootfinance.com/,candidate,urllib_initial
dhoottransmission.com,https://www.dhoottransmission.com/,candidate,urllib_initial
dhruvacapital.com,https://www.dhruvacapital.com/,candidate,urllib_initial
dhruvconsultancy.in,https://dhruvconsultancy.in/,candidate,urllib_initial
dhunseriinvestments.com,https://www.dhunseriinvestments.com/,candidate,urllib_initial
dhunseritea.com,https://dhunseritea.com/,candidate,urllib_initial
diageoindia.com,https://www.diageoindia.com/,candidate,urllib_initial
diamantinfra.com,https://www.diamantinfra.com/,candidate,urllib_initial
dianatea.in,https://www.dianatea.in/,candidate,urllib_initial
dic.co.in,https://dic.co.in/,candidate,urllib_initial
dicabs.com,https://dicabs.com/,candidate,urllib_initial
dienstentech.com,https://www.dienstentech.com/,candidate,urllib_initial
digidrivelimited.com,https://www.digidrivelimited.com/,candidate,urllib_initial
digikore.com,https://digikore.com/,candidate,urllib_initial
digilogicsystems.com,https://digilogicsystems.com/,candidate,urllib_initial
digispice.com,https://www.digispice.com/,candidate,urllib_initial
digitide.com,https://www.digitide.com/,candidate,urllib_initial
digjam.co.in,https://digjam.co.in/,candidate,urllib_initial
dikshagroup.in,https://www.dikshagroup.in/,candidate,urllib_initial
dil-rjcorp.com,https://dil-rjcorp.com/,candidate,urllib_initial
dil.net,https://fermentabiotech.com/,candidate,urllib_initial
diligentindustries.com,https://www.diligentindustries.com/,candidate,urllib_initial
dilipbuildcon.com,https://dilipbuildcon.com/,candidate,urllib_initial
dineshmills.com,https://www.dineshmills.com/,candidate,urllib_initial
disagroup.com,https://www.disagroup.com/,candidate,urllib_initial
dishmangroup.com,https://imdcal.com/,candidate,urllib_initial
dishtv.in,https://www.dishtv.in/,candidate,urllib_initial
ditco.in,https://www.ditco.in/Home.html,candidate,urllib_initial
divgi-tts.com,https://divgi-tts.com/,candidate,urllib_initial
divinehirajewellers.com,https://divinehirajewellers.com/,candidate,urllib_initial
divislabs.com,https://www.divislabs.com/,candidate,urllib_initial
divyadhan.in,https://divyadhan.in/,candidate,urllib_initial
divyashakti.com,https://www.divyashakti.com/,candidate,urllib_initial
dixoninfo.com,https://www.dixoninfo.com/,candidate,urllib_initial
dizcoverpraveg.com,https://www.dizcoverpraveg.com/,candidate,urllib_initial
djcorp.in,https://www.djcorp.in/,candidate,urllib_initial
djsstocks.com,https://www.djsstocks.com/,candidate,urllib_initial
dkenterprises.co.in,https://dkegl.com/,candidate,urllib_initial
dlf.in,https://www.dlf.in/,candidate,urllib_initial
dlink.co.in,https://www.dlink.com/in/en,candidate,urllib_initial
dmartindia.com,https://www.dmartindia.com/,candidate,urllib_initial
dmcc.com,https://www.dmcc.com/,candidate,urllib_initial
dnaindia.com,https://www.dnaindia.com/,candidate,proxy_curl
dnhindia.com,https://dnhindia.com/,candidate,urllib_initial
doctorsoap.com,https://doctorsoap.com/,candidate,urllib_initial
dolatalgotech.in,https://www.dolatalgotech.in/,candidate,urllib_initial
dollarglobal.in,https://dollarglobal.in/,candidate,urllib_initial
dollex.in,https://www.dollex.in/,candidate,urllib_initial
dolphinmedicalservices.com,https://dolphinmedicalservices.com/,candidate,urllib_initial
dolphinoffshore.com,https://dolphinoffshore.com/,candidate,urllib_initial
domsindia.com,https://domsindia.com/,candidate,urllib_initial
donear.com,https://www.donear.com/,candidate,urllib_initial
dpel.in,https://www.dpel.in/,candidate,urllib_initial
dpjewellers.com,https://www.dpjewellers.com/en,candidate,urllib_initial
dpwires.co.in,https://www.dpwires.co.in/,candidate,urllib_initial
dragarwal.com,https://www.dragarwal.com/,candidate,urllib_initial
dragarwals.co.in,https://dragarwals.co.in/,candidate,urllib_initial
drcsystems.com,https://www.drcsystems.com/,candidate,urllib_initial
dreamfolks.in,https://www.dreamfolks.in/,candidate,urllib_initial
dredge-india.com,https://www.dredge-india.com/,candidate,urllib_initial
drhlsl.com,https://drhlsl.com/,candidate,urllib_initial
droneacharya.com,https://droneacharya.com/,candidate,urllib_initial
drppl.com,https://www.drppl.com/,candidate,urllib_initial
drreddys.com,https://www.drreddys.com/,candidate,urllib_initial
drsindia.in,https://www.drsindia.in/,candidate,urllib_initial
dsfcl.com,https://dsfcl.com/,candidate,urllib_initial
dsl-india.com,https://www.dsl-india.com/,candidate,urllib_initial
dssl.ind.in,https://dssl.ind.in/,candidate,urllib_initial
ducol.com,https://www.ducol.com/,candidate,urllib_initial
duconinfra.co.in,https://duconinfra.co.in/,candidate,urllib_initial
dukeoffshore.com,https://www.dukeoffshore.com/,candidate,urllib_initial
duncanengg.com,https://duncanengg.com/,candidate,urllib_initial
durlax.com,https://durlax.com/,candidate,urllib_initial
duropackindia.com,https://duropackindia.com/,candidate,urllib_initial
dutronindia.com,https://www.dutronindia.com/,candidate,urllib_initial
dwarikesh.com,https://www.dwarikesh.com/,candidate,urllib_initial
dynacons.com,https://www.dynacons.com/,candidate,urllib_initial
dynaind.com,https://www.dynaind.com/,candidate,urllib_initial
dynamatics.com,https://www.dynamatics.com/,candidate,urllib_initial
dynamiccables.co.in,https://www.dynamiccables.co.in/,candidate,urllib_initial
dynavision.in,https://www.dynavision.in/,candidate,urllib_initial
dynemic.com,https://www.dynemic.com/,candidate,urllib_initial
e2enetworks.com,https://www.e2enetworks.com,candidate,urllib_initial
earkart.in,https://www.earkart.in/,candidate,urllib_initial
earthstahl.com,https://earthstahl.com/,candidate,urllib_initial
easemytrip.com,https://www.EASEMYTRIP.US,candidate,urllib_initial
easterntreads.com,https://www.easterntreads.com/,candidate,urllib_initial
easy2source.com,https://www.easy2source.com/,candidate,urllib_initial
ebnl.org,https://www.ebnl.org/,candidate,urllib_initial
ecanarys.com,https://ecanarys.com/,candidate,urllib_initial
eclerx.com,https://eclerx.com/,candidate,proxy_curl
ecoline.net.in,https://ecoline.net.in/,candidate,urllib_initial
ecominfotech.biz,http://www.ecominfotech.biz/,candidate,urllib_initial
econo.in,http://www.econo.in/,candidate,urllib_initial
ecoplastindia.com,https://www.ecoplastindia.com/,candidate,urllib_initial
ecoreco.com,https://ecoreco.com/,candidate,urllib_initial
ecosmobility.com,https://www.ecosmobility.com/,candidate,urllib_initial
ecoyou.in,https://ecoyou.in/,candidate,urllib_initial
ecscorporation.com,https://www.ecscorporation.com/,candidate,urllib_initial
edclgroup.com,https://www.edclgroup.com/,candidate,urllib_initial
edelweissfin.com,https://www.edelweissfin.com/,candidate,proxy_curl
edipl.in,https://encompass.co.in,candidate,urllib_initial
educomp.com,http://www.educomp.com/,candidate,urllib_initial
edvenswa.com,https://edvenswa.com/,candidate,urllib_initial
eesl.in,https://www.eesl.in/,candidate,urllib_initial
efactorexp.com,https://www.efactorexp.com/,candidate,urllib_initial
efclimited.in,https://efclimited.in/,candidate,urllib_initial
effwa.co.in,https://www.effwa.co.in/,candidate,urllib_initial
ehrlindia.in,https://www.ehrlindia.in/,candidate,urllib_initial
eicher.in,https://www.eicher.in/,candidate,urllib_initial
eidb.in,https://eidb.in/,candidate,urllib_initial
eidparry.com,https://eidparry.com/,candidate,urllib_initial
eiel.in,https://www.eiel.in/,candidate,urllib_initial
eightyjewels.in,https://eightyjewels.in/,candidate,urllib_initial
eihassociatedhotels.in,https://www.eihassociatedhotels.in/,candidate,urllib_initial
eihltd.com,https://www.eihltd.com/,candidate,urllib_initial
eikolifesciences.com,https://www.eikolifesciences.com/,candidate,urllib_initial
eilgroup.com,https://www.rediffmailpro.com/cgi-bin/login.cgi,candidate,urllib_initial
eiltd.info,https://eiltd.info/,candidate,urllib_initial
eimcoelecon.in,https://eimcoelecon.in/,candidate,urllib_initial
ekanshconcepts.com,https://ekanshconcepts.com/,candidate,urllib_initial
ekennis.com,https://www.ekennis.com/,candidate,urllib_initial
elandapparel.com,https://elandapparel.com/,candidate,urllib_initial
elantas.com,https://www.elantas.com/,candidate,urllib_initial
eldecogroup.com,https://www.eldecogroup.com/,candidate,urllib_initial
elecon.com,https://www.elecon.com/,candidate,urllib_initial
electroforceindia.com,https://electroforceindia.com/,candidate,urllib_initial
electronicsbazaar.com,https://www.electronicsbazaar.com/,candidate,urllib_initial
electronicsmartindia.com,https://www.electronicsmartindia.com/,candidate,urllib_initial
electrotherm.com,https://www.electrotherm.com/,candidate,urllib_initial
elegantflora.in,https://www.elegantflora.in/,candidate,urllib_initial
elegantmarbles.com,https://elegantmarbles.com/,candidate,urllib_initial
eleganz.co.in,https://eleganz.co.in/,candidate,urllib_initial
elfinagroindia.com,https://www.elfinagroindia.com/,candidate,urllib_initial
elforge.com,https://www.elforge.com/,candidate,urllib_initial
elgi.com,https://www.elgi.com/in/,candidate,urllib_initial
elgirubber.com,https://www.elgirubber.com/,candidate,urllib_initial
elinindia.com,https://www.elinindia.com/,candidate,urllib_initial
eliteconinternational.com,https://eliteconinternational.com/,candidate,urllib_initial
elixircapital.in,https://elixircapital.in/,candidate,urllib_initial
ellenbarrie.com,https://ellenbarrie.com/,candidate,urllib_initial
elnettechnologies.com,https://www.elnettechnologies.com/,candidate,urllib_initial
elpro.co.in,https://www.elpro.co.in/,candidate,urllib_initial
emamiltd.in,https://www.emamiltd.in/,candidate,urllib_initial
emamipaper.in,https://emamipaper.com,candidate,urllib_initial
emamirealty.com,https://emamirealty.com/,candidate,urllib_initial
emapartners.in,https://www.emapartners.in/,candidate,urllib_initial
embassyindia.com,https://embassyindia.com/,candidate,urllib_initial
embassyofficeparks.com,https://www.embassyofficeparks.com/,candidate,urllib_initial
emcure.com,http://www.emcure.com/,candidate,urllib_initial
emeraldfin.com,https://emeraldfin.com/,candidate,urllib_initial
emeraldtyres.com,https://emeraldtyres.com/,candidate,urllib_initial
emiactech.com,https://emiactech.com/,candidate,urllib_initial
emkayglobal.com,https://www.emkayglobal.com/,candidate,urllib_initial
emkaytoolsltd.com,https://emkaytoolsltd.com/,candidate,urllib_initial
emmbi.com,https://emmbi.com/,candidate,urllib_initial
emmforce.com,https://emmforce.com/,candidate,urllib_initial
emmveepv.com,https://emmveepv.com/,candidate,urllib_initial
empowerindia.in,https://empowerindia.in/,candidate,urllib_initial
ems.co.in,https://ems.co.in/,candidate,urllib_initial
emudhra.com,https://emudhra.com/en/,candidate,urllib_initial
enbeetrade.com,https://enbeetrade.com/,candidate,urllib_initial
endurancegroup.com,https://www.endurancegroup.com/,candidate,proxy_curl
energymission.com,https://www.energymission.com/,candidate,urllib_initial
enfuse-solutions.com,https://www.enfuse-solutions.com/,candidate,urllib_initial
engineersindia.com,https://www.engineersindia.com/,candidate,urllib_initial
enkingint.org,https://enkingint.org/,candidate,urllib_initial
ennutrica.com,https://ennutrica.com/,candidate,urllib_initial
ens.enterprises,https://www.ens.enterprises/,candidate,urllib_initial
enser.co.in,https://enser.co.in/,candidate,urllib_initial
enterohealthcare.com,https://www.enterohealthcare.com/,candidate,urllib_initial
envair.in,https://envair.in/,candidate,urllib_initial
envirotechltd.com,https://www.envirotechltd.com/,candidate,urllib_initial
epackdurable.com,https://epackdurable.com/,candidate,urllib_initial
epackprefab.com,https://epackprefab.com/,candidate,urllib_initial
epbiocomposites.com,https://epbiocomposites.com/,candidate,urllib_initial
epcmahindra.com,https://www.mahindrairrigation.com,candidate,urllib_initial
epigral.com,https://epigral.com/,candidate,urllib_initial
eplglobal.com,https://www.eplglobal.com/,candidate,urllib_initial
eppeltone.in,https://www.eppeltone.in/,candidate,urllib_initial
epsom.in,http://www.epsom.in/,candidate,urllib_initial
epwindia.com,https://www.epwindia.com/,candidate,urllib_initial
equippp.in,https://equippp.in/,candidate,urllib_initial
eris.co.in,https://www.eris.co.in/,candidate,urllib_initial
erpsoft.com,https://erpsoft.com/,candidate,urllib_initial
esabindia.com,https://esabindia.com/in/ind_en/,candidate,urllib_initial
esafbank.com,https://www.esaf.bank.in/,candidate,proxy_curl
esc.co.in,https://www.esc.co.in/,candidate,urllib_initial
escorpamc.co.in,https://www.escorpamc.co.in/,candidate,urllib_initial
escortsfinance.com,https://www.escortsfinance.com/,candidate,urllib_initial
esds.co.in,https://www.esds.co.in/,candidate,urllib_initial
eshamedia.com,https://eshamedia.com/,candidate,urllib_initial
espirehospitality.com,https://www.espirehospitality.com/,candidate,urllib_initial
espritstones.com,https://espritstones.com/,candidate,urllib_initial
essenspeciality.com,https://www.essenspeciality.com/,candidate,urllib_initial
essexmpl.com,https://www.essexmpl.com/,candidate,urllib_initial
esterindustries.com,https://www.esterindustries.com/,candidate,urllib_initial
etctl.com,https://etctl.com/,candidate,urllib_initial
ethoswatches.com,https://www.ethoswatches.com/,candidate,urllib_initial
etoerail.com,https://etoerail.com/,candidate,urllib_initial
ettgroup.in,https://ettgroup.in/,candidate,urllib_initial
euphoriainfotech.com,https://www.euphoriainfotech.com/,candidate,urllib_initial
eurekaforbes.com,https://www.eurekaforbes.com/,candidate,urllib_initial
eurekaindltd.com,https://www.eurekaindltd.com/,candidate,urllib_initial
euro7000.com,https://euroadhesives.com,candidate,urllib_initial
eurobondacp.com,https://www.eurobondacp.com/,candidate,urllib_initial
euroindiafoods.com,https://www.euroindiafoods.com/,candidate,urllib_initial
euroleder.com,https://euroleder.com/,candidate,urllib_initial
europratik.com,https://europratik.com/,candidate,urllib_initial
everestind.com,https://www.everestind.com/,candidate,urllib_initial
everestkanto.com,https://everestkanto.com/,candidate,urllib_initial
everestorganicsltd.com,https://www.everestorganicsltd.com/,candidate,urllib_initial
everesttools.com,https://www.everesttools.com/,candidate,urllib_initial
everlon.in,https://everlon.in/,candidate,urllib_initial
everyday-india.com,https://everyday-india.com/,candidate,urllib_initial
evexialifecare.com,https://evexialifecare.com/,candidate,urllib_initial
ewhl.in,https://ewhl.in/,candidate,urllib_initial
exato.ai,https://www.exato.ai/,candidate,urllib_initial
excel-infoways.com,https://www.excel-infoways.com/,candidate,urllib_initial
excelind.co.in,https://www.excelind.co.in/,candidate,urllib_initial
excellentwiresandpackaging.com,https://www.excellentwiresandpackaging.com/,candidate,urllib_initial
excelsoftcorp.com,https://www.excelsoftcorp.com/,candidate,urllib_initial
exhicongroup.com,https://exhiconevents.in,candidate,urllib_initial
exicom.in,https://www.exicom.com/,candidate,urllib_initial
exideindustries.com,https://www.exideindustries.com/,candidate,urllib_initial
eximroutes.ai,https://eximroutes.ai/,candidate,urllib_initial
explicitfinance.net,https://www.explicitfinance.net/,candidate,urllib_initial
expogas.com,https://expogas.com/,candidate,urllib_initial
eyantraventures.com,https://eyantraventures.com/,candidate,urllib_initial
faalcon.in,https://faalcon.in/,candidate,urllib_initial
fabtechcleanroom.com,https://fabtechcleanroom.com/,candidate,urllib_initial
fabtechnologies.com,https://fabtechnologies.com/,candidate,urllib_initial
facoralloys.in,https://www.facoralloys.in/,candidate,urllib_initial
failtd.com,https://www.failtd.com/,candidate,urllib_initial
fairchem.in,https://fairchem.in/,candidate,urllib_initial
falcongroupindia.com,https://www.falcongroupindia.com/,candidate,urllib_initial
farmpeace.in,https://farmpeace.in/,candidate,urllib_initial
fazethree.com,https://www.fazethree.com/,candidate,urllib_initial
fdcindia.com,https://www.fdcindia.com/,candidate,urllib_initial
federalbank.co.in,https://www.federal.bank.in/,candidate,urllib_initial
federalmogulgoetzeindia.net,https://www.federalmogulgoetzeindia.net/,candidate,urllib_initial
fedfina.com,https://www.fedfina.com/,candidate,urllib_initial
felixindustries.co,https://www.felixindustries.co/,candidate,urllib_initial
fgisindia.com,https://www.fgisindia.com/,candidate,urllib_initial
fgpltd.in,https://www.fgpltd.in/,candidate,urllib_initial
fiberwebindia.com,https://fiberwebindia.com/,candidate,urllib_initial
fidelsoftech.com,https://www.fidelsoftech.com/,candidate,urllib_initial
fiemindustries.com,https://www.fiemindustries.com/,candidate,urllib_initial
filatex.com,https://www.filatex.com/,candidate,urllib_initial
filatexfashions.co.in,https://www.filatexfashions.co.in/,candidate,urllib_initial
filtra.in,https://www.filtra.in/,candidate,urllib_initial
filtronindia.com,https://www.filtronindia.com/,candidate,urllib_initial
financebuddha.com,https://www.financebuddha.com/,candidate,urllib_initial
finecars.co.in,https://finelistings.com/,candidate,urllib_initial
finelineindia.com,https://www.finelineindia.com/,candidate,urllib_initial
fineorganics.com,https://www.fineorganics.com/,candidate,urllib_initial
fineotex.com,https://fineotex.com/,candidate,urllib_initial
finkurve.com,https://www.arvog.com/,candidate,urllib_initial
finolex.com,https://www.finolex.com/,candidate,urllib_initial
finolexpipes.com,https://www.finolexpipes.com/,candidate,urllib_initial
firstcry.com,https://www.firstcry.com/,candidate,urllib_initial
firstcustodianfund.in,https://firstcustodianfund.in/,candidate,urllib_initial
firstsource.com,https://www.firstsource.com/,candidate,urllib_initial
fischermv.com,https://fischermv.com/,candidate,urllib_initial
fitlindia.com,http://www.fitlindia.com/,candidate,urllib_initial
fivestargroup.in,https://fivestargroup.in/,candidate,urllib_initial
flairworld.in,https://www.flairworld.in/,candidate,urllib_initial
flexfoodsltd.com,https://www.flexfoodsltd.com/,candidate,urllib_initial
flexituff.com,https://www.flexituff.com/,candidate,urllib_initial
flomicgroup.com,https://www.flomicgroup.com/,candidate,urllib_initial
floracorp.in,https://floracorp.in/,candidate,urllib_initial
fluidomat.com,https://www.fluidomat.com/,candidate,urllib_initial
fmecinternational.com,https://www.fmecinternational.com/,candidate,urllib_initial
focasstudio.in,https://forcasstudio.com,candidate,urllib_initial
foceindia.com,https://foceindia.com/,candidate,urllib_initial
focuslightingandfixtures.com,https://www.focuslightingandfixtures.com/,candidate,urllib_initial
fone4.in,https://www.fone4.in/,candidate,urllib_initial
fonebook.in,https://fonebook.in/,candidate,india_proxy
foodsandinns.com,https://www.foodsandinns.com/,candidate,urllib_initial
forcemotors.com,https://www.forcemotors.com/,candidate,urllib_initial
fortishealthcare.com,https://www.fortishealthcare.com/,candidate,urllib_initial
fortuneinternational.in,https://www.fortuneinternational.in/,candidate,urllib_initial
fosecoindia.com,https://www.fosecoindia.com/,candidate,urllib_initial
foundryfuel.co.in,https://www.foundryfuel.co.in/,candidate,urllib_initial
fractal.ai,https://fractal.ai/,candidate,urllib_initial
franklinleasing.in,http://www.franklinleasing.in/,candidate,urllib_initial
fraserindia.co.in,https://www.fraserindia.co.in/,candidate,urllib_initial
fratelliwines.in,https://fratelliwines.in/,candidate,urllib_initial
fresharaagroexports.com,https://www.fresharaagroexports.com/,candidate,urllib_initial
freshtrop.com,https://puretrop.com,candidate,urllib_initial
frogcellsat.com,https://frogcellsat.com/,candidate,urllib_initial
frontiercapital.in,https://www.frontiercapital.in/,candidate,urllib_initial
frontiersprings.co.in,https://frontiersprings.co.in/wp/,candidate,urllib_initial
frontlinecorporation.org,https://www.frontlinecorporation.org/,candidate,urllib_initial
frontlinefsl.com,https://frontlinefsl.com/,candidate,urllib_initial
fsl.co.in,https://www.fsl.co.in/,candidate,urllib_initial
futureconsumer.in,https://www.futureconsumer.in/,candidate,urllib_initial
futurelifestyle.in,https://www.futurelifestyle.in/,candidate,urllib_initial
futuristicsecurities.com,https://www.futuristicsecurities.com/,candidate,urllib_initial
fvl.co.in,http://www.fvl.co.in/,candidate,urllib_initial
fwstc.in,https://fwstc.in/,candidate,urllib_initial
gabionindia.com,https://gabionindia.com/,candidate,urllib_initial
gabrielpetstraps.com,https://www.gabrielpetstraps.com/,candidate,urllib_initial
gacl.com,https://gacl.com/,candidate,urllib_initial
gacmtech.com,https://gacmtech.com/,candidate,urllib_initial
gagangases.com,https://gagangases.com/,candidate,urllib_initial
gailonline.com,https://www.gailonline.com/,candidate,urllib_initial
gajacapital.com,https://gajacapital.com/,candidate,urllib_initial
gajanand-int.com,https://gajanand-int.com/,candidate,urllib_initial
gajanansec.com,https://gajanansec.com/,candidate,urllib_initial
galacticocorp.com,https://galacticocorp.com/,candidate,urllib_initial
galadafinance.in,https://www.galadafinance.in/,candidate,urllib_initial
galadapower.com,https://www.galadapower.com/,candidate,urllib_initial
galaglobalhub.com,https://www.galaglobalhub.com/,candidate,urllib_initial
galagroup.com,https://www.galagroup.com/,candidate,urllib_initial
galaxy.in,https://www.galaxy.in/,candidate,urllib_initial
galaxybearings.com,https://www.galaxybearings.com/,candidate,urllib_initial
galaxycloudkitchens.in,https://www.galaxycloudkitchens.in/,candidate,urllib_initial
galaxysurfactants.com,https://galaxysurfactants.com/,candidate,urllib_initial
gallantt.com,https://gallantt.com/,candidate,urllib_initial
gallardsteel.com,https://www.gallardsteel.com/,candidate,urllib_initial
gallopsenterprise.com,http://www.gallopsenterprise.com/,candidate,urllib_initial
gandharoil.com,https://gandharoil.com/,candidate,urllib_initial
gandhitubes.com,https://www.gandhitubes.com/,candidate,urllib_initial
ganeshaecosphere.com,https://www.ganeshaecosphere.com/,candidate,urllib_initial
ganeshconsumer.com,https://ganeshconsumer.com/,candidate,urllib_initial
ganeshfilms.com,https://ganeshfilms.com/,candidate,urllib_initial
ganeshgreen.com,https://www.ganeshgreen.com/,candidate,urllib_initial
ganeshholdings.com,https://www.ganeshholdings.com/,candidate,urllib_initial
ganeshinfra.com,https://ganeshinfra.com/,candidate,urllib_initial
ganeshremedies.com,https://www.ganeshremedies.com/,candidate,urllib_initial
gangabathfittings.com,https://gangabathfittings.com/,candidate,urllib_initial
gangapapers.in,https://www.gangapapers.in/,candidate,urllib_initial
gangessec.com,https://www.birla-sugar.com/Our-Companies/About-Us-GANGES-SECURITIES-LIMITED,candidate,urllib_initial
gargibypng.com,https://www.gargibypng.com/,candidate,urllib_initial
garnetconstructions.com,https://garnetconstructions.com/,candidate,urllib_initial
garnetint.com,https://garnetint.com/,candidate,urllib_initial
garudaconstructionengineering.com,https://garudaconstructionengineering.com/,candidate,urllib_initial
garwarehitechfilms.com,https://www.garwarehitechfilms.com/,candidate,urllib_initial
garwaremarine.com,https://garwaremarine.com/,candidate,urllib_initial
garwareropes.com,https://www.garwarefibres.com/,candidate,urllib_initial
garwaresyn.com,https://www.garwaresyn.com/,candidate,urllib_initial
gatewaydistriparks.com,https://www.gatewaydistriparks.com/,candidate,urllib_initial
gaudiumivfcentre.com,https://www.gaudiumivfcentre.com/,candidate,urllib_initial
gautamexim.com,https://www.gautamexim.com/,candidate,urllib_initial
gautamgems.com,https://www.gautamgems.com/,candidate,urllib_initial
gayatri.co.in,https://www.gayatri.co.in/,candidate,urllib_initial
gayatribioorganics.com,https://www.gayatribioorganics.com/,candidate,urllib_initial
gayatrihighways.com,https://www.gayatrihighways.com/,candidate,urllib_initial
gayatrirubberchemicals.com,https://gayatrirubberchemicals.com/,candidate,urllib_initial
gayatrisugars.com,https://www.gayatrisugars.com/,candidate,urllib_initial
gblinfra.com,https://www.gblinfra.com/,candidate,urllib_initial
gblogisticsindia.com,https://gblogisticsindia.com/,candidate,urllib_initial
gccl.co.in,https://www.gccl.co.in/,candidate,urllib_initial
gcmcap.com,https://www.gcmcap.com/,candidate,urllib_initial
gcmcommo.co.in,https://www.gcmcommo.co.in/,candidate,urllib_initial
gcmsecuritiesltd.com,https://www.gcmsecuritiesltd.com/,candidate,urllib_initial
gconnectlogitech.com,https://www.gconnectlogitech.com/,candidate,urllib_initial
gdlleasing.com,https://www.gdlleasing.com/,candidate,urllib_initial
gdtal.com,https://www.gdtal.com/,candidate,urllib_initial
ge.com,https://www.ge.com/,candidate,urllib_initial
gecpl.com,https://gecpl.com/,candidate,urllib_initial
geeceeventures.com,https://www.geeceeventures.com/,candidate,urllib_initial
geekaywires.com,https://geekaywires.com/,candidate,urllib_initial
geelimited.com,https://www.geelimited.com/,candidate,urllib_initial
geetanjalicreditcapital.com,http://ww16.geetanjalicreditcapital.com/?sub1=20260927-0329-45a6-9371-4f8bef5d724e,candidate,urllib_initial
gemaromatics.com,https://gemaromatics.com/,candidate,urllib_initial
gemrecycling.com,https://gemenviro.com,candidate,urllib_initial
gemspin.com,https://www.gemspin.com/,candidate,urllib_initial
gemstoneltd.com,https://www.gemstoneltd.com/,candidate,urllib_initial
genesisibrc.com,https://genesisibrc.com/,candidate,urllib_initial
gennexlab.com,https://www.gennexlab.com/,candidate,urllib_initial
genpharmasec.com,https://genpharmasec.com/,candidate,urllib_initial
gensol.in,https://www.gensol.in/,candidate,urllib_initial
genus.in,https://www.genus.in/,candidate,urllib_initial
genuspaper.com,https://genuspaper.com/,candidate,urllib_initial
genusprime.com,https://www.genusprime.com/,candidate,urllib_initial
genxai.com,https://www.genxai.com/,candidate,urllib_initial
geojit.com,https://www.geojit.com/,candidate,urllib_initial
geotexelin.com,https://www.geotexelin.com/,candidate,urllib_initial
getalongenterprise.com,https://www.getalongenterprise.com/,candidate,urllib_initial
gevernova.com,https://www.gevernova.com/,candidate,urllib_initial
gfl.co.in,https://gfl.co.in/,candidate,urllib_initial
gfllimited.co.in,https://www.gfllimited.co.in/,candidate,urllib_initial
ggautomotive.com,https://www.ggautomotive.com/,candidate,urllib_initial
ggdandekar.com,https://www.ggdandekar.com/,candidate,urllib_initial
ghclindia.com,https://ghcl.co.in/,candidate,urllib_initial
ghcltextiles.co.in,https://ghcltextiles.co.in/,candidate,urllib_initial
gichfindia.com,https://www.gichfindia.com/,candidate,urllib_initial
gicpl.in,https://gicl.co/,candidate,urllib_initial
gicre.in,https://www.gicre.in/en/,candidate,urllib_initial
giladafinance.com,https://www.giladafinance.com/,candidate,urllib_initial
gillandersarbuthnot.com,https://www.gillandersarbuthnot.com/,candidate,urllib_initial
ginitex.com,https://www.ginitex.com/,candidate,urllib_initial
ginnifilaments.com,https://ginnifilaments.com/,candidate,urllib_initial
gipcl.com,https://www.gipcl.com/,candidate,urllib_initial
giriraj.co,https://giriraj.co/,candidate,urllib_initial
gitarenewable.com,https://www.gitarenewable.com/,candidate,urllib_initial
givo.com,https://www.givo.com/,candidate,urllib_initial
gkenergy.in,https://gkenergy.in/,candidate,urllib_initial
gkpl.in,https://www.gkpl.in/,candidate,urllib_initial
glancefinance.com,https://www.glancefinance.com/,candidate,urllib_initial
glandpharma.com,https://glandpharma.com/home,candidate,urllib_initial
glascoat.com,https://www.hleglascoat.com/,candidate,urllib_initial
glasswallsystems.in,https://www.glasswallsystems.in/,candidate,urllib_initial
glen-india.com,https://glen-india.com/,candidate,urllib_initial
glenmarklifesciences.com,https://www.alivus.com,candidate,urllib_initial
glenmarkpharma.com,https://glenmarkpharma.com/,candidate,urllib_initial
globalcapitalmarketandinfraltd.com,https://www.hugedomains.com/domain_profile.cfm?d=globalcapitalmarketandinfraltd.com,candidate,urllib_initial
globaledu.net.in,https://globaledu.net.in/,candidate,urllib_initial
globalhelicorp.com,https://www.globalhelicorp.com/,candidate,urllib_initial
globalhospital.co.in,https://globalhospital.co.in/,candidate,urllib_initial
globaloffshore.in,https://garwareoffshore.in/,candidate,urllib_initial
globalpetind.com,https://globalpetind.com/,candidate,urllib_initial
globalspace.in,https://www.globalspace.in/,candidate,urllib_initial
globalsurfaces.in,https://globalsurfaces.com/,candidate,urllib_initial
globecivilprojects.com,https://www.globecivilprojects.com/,candidate,urllib_initial
globecommercials.com,https://www.globecommercials.com/,candidate,urllib_initial
globesecure.in,https://globesecure.in/,candidate,urllib_initial
globtierinfotech.com,https://globtierinfotech.com/,candidate,urllib_initial
globusspirits.com,https://www.globusspirits.com/,candidate,urllib_initial
glosterjute.com,https://www.glosterjute.com/,candidate,urllib_initial
glottislogistics.in,https://www.glottislogistics.in/,candidate,urllib_initial
gmbreweries.com,https://www.gmbreweries.com/,candidate,urllib_initial
gmdcltd.com,https://www.gmdcltd.com/,candidate,urllib_initial
gmmpfaudler.com,https://www.gmmpfaudler.com/,candidate,urllib_initial
gmpolyplast.com,https://gmpolyplast.com/,candidate,urllib_initial
gmrpui.com,https://www.gmrpowerurbaninfra.com/,candidate,urllib_initial
gnaaxles.in,https://gnaaxles.in/,candidate,urllib_initial
gnagro.com,https://gnagro.com/,candidate,urllib_initial
goblinindia.com,https://www.goblinindia.com/,candidate,urllib_initial
goclcorp.com,https://www.goclcorp.com/,candidate,urllib_initial
gocolors.com,https://gocolors.com/,candidate,urllib_initial
godavaribiorefineries.com,https://www.godavaribiorefineries.com/,candidate,urllib_initial
godavaridrugs.com,https://godavaridrugs.com/,candidate,urllib_initial
godawaripowerispat.com,https://www.godawaripowerispat.com/,candidate,urllib_initial
godfreyphillips.com,https://www.Godfreyphillips.co.in/,candidate,urllib_initial
godigit.com,https://www.godigit.com/,candidate,urllib_initial
godrejagrovet.com,https://www.godrejagrovet.com/,candidate,proxy_curl
godrejastec.com,https://www.godrejastec.com/,candidate,proxy_curl
godrejcp.com,https://www.godrejcp.com/,candidate,proxy_curl
godrejindustries.com,https://www.godrejindustries.com/,candidate,proxy_curl
godrejproperties.com,https://www.godrejproperties.com/,candidate,urllib_initial
goelconstruction.co.in,https://goelconstruction.co.in/,candidate,urllib_initial
goenkabusinessfinancelimited.in,https://www.goenkabusinessfinancelimited.in/,candidate,urllib_initial
gogiacap.com,https://www.gogiacap.com/,candidate,urllib_initial
gokakmills.com,http://www.gokakmills.com/,candidate,urllib_initial
gokaldasexports.com,https://www.gokaldasexports.com/,candidate,urllib_initial
gokulagro.com,https://www.gokulagro.com/,candidate,urllib_initial
gokulgroup.com,https://www.gokulgroup.com/,candidate,urllib_initial
goldencrest.in,https://www.goldencrest.in/,candidate,urllib_initial
goldentobacco.in,https://www.goldentobacco.in/,candidate,urllib_initial
goldiam.com,https://goldiam.com/,candidate,urllib_initial
goldlinepharma.in,https://www.goldlinepharma.in/,candidate,urllib_initial
goldstarpower.com,https://www.goldstarpower.com/,candidate,urllib_initial
golkunda.com,http://www.golkunda.com/,candidate,urllib_initial
goodluckindia.com,https://www.goodluckindia.com/,candidate,urllib_initial
goodricke.com,https://www.goodricke.com/,candidate,urllib_initial
goodyear.co.in,https://www.goodyear.co.in/,candidate,urllib_initial
gopalapolyplast.com,https://hpbl.in/,candidate,urllib_initial
gopaliron.com,https://www.gopaliron.com/,candidate,urllib_initial
gopalnamkeen.com,https://www.gopalnamkeen.com/,candidate,urllib_initial
gothiplascon.com,https://gothiplascon.com/,candidate,urllib_initial
gourmetgateway.co.in,https://www.gourmetgateway.co.in/,candidate,urllib_initial
gowraleasing.com,https://www.gowraleasing.com/,candidate,urllib_initial
goyalassociatesltd.com,https://goyalassociatesltd.com/,candidate,urllib_initial
goyalsaltltd.com,https://goyalsaltltd.com/,candidate,urllib_initial
gpecosolutions.com,https://gpecosolutions.com/,candidate,urllib_initial
gpelindia.in,http://www.gpelindia.in/,candidate,urllib_initial
gpgl.in,http://www.gpgl.in/,candidate,urllib_initial
gppetroleums.co.in,https://gppetroleums.co.in/,candidate,urllib_initial
gptinfra.in,https://gptinfra.in/,candidate,urllib_initial
gptl.in,http://www.gptl.in/,candidate,urllib_initial
gradientinfotainment.com,https://www.gradientinfotainment.com/,candidate,urllib_initial
grandcontinenthotels.com,https://grandcontinenthotels.com/,candidate,urllib_initial
grandmatrading.com,https://grandmatrading.com/,candidate,urllib_initial
granulesindia.com,https://granulesindia.com/,candidate,urllib_initial
graphisads.com,https://graphisads.com/,candidate,urllib_initial
graphiteindia.com,https://www.graphiteindia.com/,candidate,urllib_initial
grasim.com,https://www.grasim.com/,candidate,urllib_initial
gravisshospitality.com,https://www.gravisshospitality.com/,candidate,urllib_initial
gravitaindia.com,https://www.gravitaindia.com/,candidate,urllib_initial
gravityindia.net,http://www.gravityindia.net/,candidate,urllib_initial
greatship.com,https://www.greatship.com/,candidate,urllib_initial
greavescotton.com,https://greavescotton.com/,candidate,urllib_initial
greencrestfin.com,https://www.greencrestfin.com/,candidate,urllib_initial
greenhitech.org,https://www.greenhitech.org/,candidate,urllib_initial
greenlamindustries.com,https://www.greenlamindustries.com/,candidate,urllib_initial
greenleafenvirotech.in,https://greenleafenvirotech.in/,candidate,urllib_initial
greenpanel.com,https://www.greenpanel.com/,candidate,urllib_initial
greenpet.in,https://www.greenpet.in/,candidate,urllib_initial
greenply.com,https://www.greenply.com/,candidate,urllib_initial
greindia.com,https://greindia.com/,candidate,urllib_initial
gretexcorporate.com,https://www.gretexcorporate.com/,candidate,urllib_initial
gretexindustries.com,https://www.gretexindustries.com/,candidate,urllib_initial
griltarp.com,https://www.griltarp.com/,candidate,urllib_initial
grinfra.com,https://www.grinfra.com/,candidate,urllib_initial
grmrice.com,https://www.grmrice.com/,candidate,urllib_initial
grobtea.com,https://www.grobtea.com/,candidate,urllib_initial
gromotrade.com,https://www.greenseasonconsulting.com/tree-expert-witness,candidate,urllib_initial
grouplandmark.in,https://www.grouplandmark.in/,candidate,urllib_initial
groupmangalam.com,https://groupmangalam.com/,candidate,urllib_initial
grouppopular.com,https://www.grouppopular.com/,candidate,urllib_initial
groupsignet.com,https://www.groupsignet.com/,candidate,urllib_initial
groverjewells.com,https://groverjewells.com/,candidate,urllib_initial
grovyindia.com,https://www.grovyindia.com/,candidate,urllib_initial
growel.com,https://www.growel.com/,candidate,urllib_initial
growington.in,https://www.growington.in/,candidate,urllib_initial
groww.in,https://groww.in/,candidate,urllib_initial
gsfclimited.com,https://www.gsfclimited.com/,candidate,urllib_initial
gsgroupindia.com,http://www.gsgroupindia.com/,candidate,urllib_initial
gsk-india.com,https://india-pharma.gsk.com/en-in/,candidate,urllib_initial
gslsecurities.com,https://www.gslsecurities.com/,candidate,urllib_initial
gspcrop.in,https://www.gspcrop.in/,candidate,urllib_initial
gssinfotech.com,https://gssinfotech.com/,candidate,urllib_initial
gtbl.in,https://www.gtbl.in/,candidate,urllib_initial
gtecjainxeducation.com,https://www.gtecjainxeducation.com/,candidate,urllib_initial
gtllimited.com,http://www.gtllimited.com/,candidate,urllib_initial
gtntextiles.com,http://www.gtntextiles.com/,candidate,urllib_initial
gtpl.net,https://www.gtpl.net/,candidate,urllib_initial
gttdata.ai,https://gttdata.ai/,candidate,urllib_initial
gtv.co.in,https://gtv.co.in/,candidate,urllib_initial
gufic.com,https://www.gufic.com/,candidate,urllib_initial
gujaratcontainers.com,https://gujaratcontainers.com/,candidate,urllib_initial
gujaratcraft.com,https://gujaratcraft.com/,candidate,urllib_initial
gujaratgas.com,https://www.gujaratgas.com/,candidate,urllib_initial
gujarathotelsltd.in,https://www.gujarathotelsltd.in/,candidate,urllib_initial
gujarathyspin.com,https://www.cukrarnavenezia.cz/,candidate,urllib_initial
gujaratinject.com,https://gujaratinject.com/,candidate,urllib_initial
gujaratleasefinancing.co.in,https://www.gujaratleasefinancing.co.in/tpl/r/glfl/gl/home,candidate,india_proxy
gujaratpeanut.com,https://www.gujaratpeanut.com/,candidate,urllib_initial
gujaratpetrosynthese.com,http://www.gujaratpetrosynthese.com/,candidate,urllib_initial
gujaratsuperspecialityhospital.com,https://www.gujaratsuperspecialityhospital.com/,candidate,urllib_initial
gujaratterce.in,https://www.gujaratterce.in/,candidate,urllib_initial
gujarattoolroom.com,https://www.gujarattoolroom.com/,candidate,urllib_initial
gujcotex.com,https://www.gujcotex.com/,candidate,urllib_initial
gulflloydsgroup.com,https://www.gulflloydsgroup.com/,candidate,urllib_initial
gulfoilindia.com,https://india.gulfoilltd.com/,candidate,urllib_initial
gulshanindia.com,https://www.gulshanindia.com/,candidate,urllib_initial
gvelectricals.com,https://gvelectricals.com/,candidate,urllib_initial
gvfilms.in,http://www.gvfilms.in/,candidate,urllib_initial
gvpinfotech.com,https://gvpinfotech.com/,candidate,urllib_initial
gyscoal.com,http://www.gyscoal.com/,candidate,urllib_initial
hal-india.co.in,https://hal-india.co.in/,candidate,urllib_initial
halderventure.in,https://www.halderventure.in/,candidate,urllib_initial
haldynglass.com,https://www.haldynglass.com/,candidate,urllib_initial
haleoslabs.com,https://haleoslabs.com/,candidate,urllib_initial
hampsbio.com,https://hampsbio.com/,candidate,urllib_initial
handicraftsvillage.com,https://handicraftsvillage.com/,candidate,urllib_initial
hannahjosephhospital.com,https://hannahjosephhospital.com/,candidate,urllib_initial
hanumansugar.com,https://www.hanumansugar.com/,candidate,urllib_initial
happiestminds.com,https://www.happiestminds.com/,candidate,urllib_initial
happyforgingsltd.com,https://happyforgingsltd.com/,candidate,urllib_initial
happysteels.com,https://happysteels.com/,candidate,urllib_initial
hardwyn.com,https://www.hardwyn.com/,candidate,urllib_initial
hariaapparels.com,http://www.hariaapparels.com/,candidate,urllib_initial
hariagroup.com,http://www.hariagroup.com/,candidate,urllib_initial
harigcrankshaft.com,https://amel189x.com/,candidate,urllib_initial
harikantaoverseas.com,https://www.harikantaoverseas.com/,candidate,urllib_initial
hariompipes.com,https://www.hariompipes.com/,candidate,urllib_initial
harishtextile.com,http://www.harishtextile.com/,candidate,urllib_initial
hariyanagroup.com,https://www.hariyanagroup.com/,candidate,urllib_initial
harrisonsmalayalam.com,https://harrisonsmalayalam.com/,candidate,urllib_initial
harshaengineers.com,https://www.harshaengineers.com/,candidate,urllib_initial
harshdeepindia.com,https://harshdeepindia.com/,candidate,urllib_initial
harshilagrotech.com,https://harshilagrotech.com/,candidate,urllib_initial
haryanacapfin.com,https://www.haryanacapfin.com/,candidate,urllib_initial
hastifinance.com,https://hastifinance.com/,candidate,urllib_initial
hathway.com,https://www.hathway.com/,candidate,urllib_initial
hathwaybhawani.com,https://www.hathwaybhawani.com/,candidate,urllib_initial
hawaengltd.com,https://hawaengltd.com/,candidate,urllib_initial
hawcoindia.in,http://www.hawcoindia.in/,candidate,urllib_initial
hawkinscookers.com,https://www.hawkinscookers.com/,candidate,urllib_initial
hazoormultiproject.com,https://hazoormultiproject.com/,candidate,urllib_initial
hbestate.com,https://www.hbestate.com/,candidate,urllib_initial
hbgindia.com,https://www.hbgindia.com/,candidate,urllib_initial
hbl.in,https://www.hbl.in/,candidate,urllib_initial
hbleasing.com,https://www.hbleasing.com/,candidate,urllib_initial
hbportfolio.com,https://www.hbportfolio.com/,candidate,urllib_initial
hbstockholdings.com,https://www.hbstockholdings.com/,candidate,urllib_initial
hccindia.com,https://www.hccindia.com/,candidate,urllib_initial
hcgoncology.com,https://www.hcgoncology.com/,candidate,urllib_initial
hckkventures.com,https://www.hckkventures.com/,candidate,urllib_initial
hckotharigroup.com,https://www.hckotharigroup.com/,candidate,urllib_initial
hclinfosystems.in,https://hclinfosystems.in/investors/,candidate,india_proxy
hcltech.com,https://www.hcltech.com/,candidate,urllib_initial
hcsl.co.in,http://www.hcsl.co.in/,candidate,urllib_initial
hdbfs.com,https://www.hdbfs.com/,candidate,india_proxy
hdfcbank.com,https://www.hdfc.bank.in/,candidate,urllib_initial
hdfcfund.com,https://www.hdfcfund.com/,candidate,proxy_curl
hdfclife.com,https://www.hdfclife.com/,candidate,urllib_initial
hdil.in,http://hdil.in/,candidate,urllib_initial
healthylifeagritec.com,https://www.healthylifeagritec.com/,candidate,urllib_initial
hecprojects.in,https://hecprojects.in/,candidate,urllib_initial
hegadvancedmaterials.com,https://www.hegadvancedmaterials.com/,candidate,urllib_initial
helpagefinlease.com,https://www.helpagefinlease.com/,candidate,urllib_initial
hemantsurgical.com,https://www.hemantsurgical.com/,candidate,urllib_initial
hemoorganicltd.com,https://www.hemoorganicltd.com/,candidate,urllib_initial
heranba.co.in,https://heranba.com/,candidate,urllib_initial
heritagefoods.in,https://www.heritagefoods.in/,candidate,urllib_initial
heromotocorp.com,https://www.heromotocorp.com/en-in.html,candidate,urllib_initial
hester.in,https://www.hester.in/,candidate,urllib_initial
hexagonnutrition.com,https://hexagonnutrition.com/,candidate,urllib_initial
hexatradex.com,https://hexatradex.com/,candidate,urllib_initial
hexaware.com,https://hexaware.com/,candidate,urllib_initial
hfcl.com,https://www.hfcl.com/,candidate,urllib_initial
hginfra.com,https://www.hginfra.com/,candidate,urllib_initial
hhardys.com,https://www.hhardys.com/,candidate,urllib_initial
hic.in,https://hic.in/,candidate,urllib_initial
highenergy.co.in,https://www.highenergy.co.in/,candidate,urllib_initial
highnessmicro.com,https://highnessmicro.com/,candidate,urllib_initial
highwayinfrastructure.in,https://www.highwayinfrastructure.in/,candidate,urllib_initial
hikal.com,https://www.hikal.com/,candidate,urllib_initial
hiklass.co.in,https://www.hiklass.co.in/,candidate,urllib_initial
hil.in,https://birlanu.com,candidate,urllib_initial
hiliks.com,https://www.hiliks.com/,candidate,urllib_initial
hilltonegases.com,https://hilltonegases.com/,candidate,urllib_initial
himachalfibre.com,http://www.himachalfibre.com/,candidate,urllib_initial
himadri.com,https://www.himadri.com/,candidate,urllib_initial
himalayafoodcompany.com,https://himalayafoodcompany.com/,candidate,urllib_initial
himatsingka.com,https://www.himatsingka.com/,candidate,urllib_initial
himteknoforge.com,https://www.himteknoforge.com/,candidate,urllib_initial
hindalco.com,https://www.hindalco.com/,candidate,urllib_initial
hindaluminiumindustries.in,https://www.hindaluminiumindustries.in/,candidate,urllib_initial
hindcompo.com,https://www.hindcompo.com/,candidate,urllib_initial
hindcon.com,https://www.hindcon.com/,candidate,urllib_initial
hindmotor.com,http://www.hindmotor.com/,candidate,urllib_initial
hindoostan.com,https://www.hindoostan.com/,candidate,urllib_initial
hindustanagrigenetics.co.in,https://hindustanagrigenetics.co.in/,candidate,urllib_initial
hindustanbiosciences.in,https://www.hindustanbiosciences.in/,candidate,urllib_initial
hindustanfoodslimited.com,https://www.hindustanfoodslimited.com/,candidate,urllib_initial
hindustanpetroleum.com,https://www.hindustanpetroleum.com/,candidate,urllib_initial
hindustantin.biz,https://hindustantin.biz/,candidate,urllib_initial
hindusthanurban.com,https://hindusthaninsulators.com,candidate,urllib_initial
hiparks.com,https://www.hiparks.com/,candidate,urllib_initial
hipolin.com,https://hipolin.com/,candidate,urllib_initial
hiraautomobiles.com,https://www.hiraautomobiles.com/,candidate,urllib_initial
hirect.com,https://hirect.com/,candidate,urllib_initial
hisarmetal.com,https://www.hisarmetal.com/,candidate,urllib_initial
hisarspinningmills.com,https://www.hisarspinningmills.com/,candidate,urllib_initial
hitechgears.com,http://www.thehitechgears.com/,candidate,urllib_initial
hitechpipes.in,https://hitechpipes.in/,candidate,urllib_initial
hitechwindingsystems.com,https://www.hitechwindingsystems.com/,candidate,urllib_initial
hitkitglobal.com,https://www.hitkitglobal.com/,candidate,urllib_initial
hittco.com,https://www.hittco.com/,candidate,urllib_initial
hkglimited.com,https://desanisombalia.com/,candidate,urllib_initial
hmagroup.co,https://hmagroup.co/,candidate,urllib_initial
hmelectromech.com,https://www.hmelectromech.com/,candidate,urllib_initial
hmtindia.com,https://www.hmtindia.com/,candidate,urllib_initial
hoacfoodsindia.com,https://hoacfoodsindia.com/,candidate,urllib_initial
hoec.com,https://hoec.com/,candidate,urllib_initial
holmarc.com,https://www.holmarc.com/,candidate,urllib_initial
homefirstindia.com,https://homefirstindia.com:443/,candidate,urllib_initial
homesfy.in,https://www.homesfy.in/,candidate,india_proxy
honasa.in,https://honasa.in/,candidate,urllib_initial
hondaindiapower.com,https://www.hondaindiapower.com/,candidate,urllib_initial
honeywell.com,https://www.honeywell.com/us/en,candidate,urllib_initial
horizonreclaim.com,https://horizonreclaim.com/,candidate,urllib_initial
hotelclarks.com,https://www.hotelclarks.com/,candidate,urllib_initial
houseofmanohar.com,https://www.houseofmanohar.com/,candidate,urllib_initial
howardhotelsltd.com,https://www.howardhotelsltd.com/,candidate,urllib_initial
hpadhesives.com,https://www.hpadhesives.com/,candidate,urllib_initial
hplindia.com,https://www.hplindia.com/,candidate,urllib_initial
hpthread.com,https://hpthreads.com/,candidate,urllib_initial
hrhnext.com,https://hrhnext.com/,candidate,urllib_initial
hrhygiene.com,https://hrhygiene.com/,candidate,urllib_initial
hrsaluglaze.com,https://hrsaluglaze.com/,candidate,urllib_initial
hsindia.in,http://www.hsindia.in/,candidate,urllib_initial
htmedia.in,https://www.htmedia.in/,candidate,urllib_initial
hubtown.co.in,https://hubtown.co.in/,candidate,urllib_initial
huhtamaki.com,https://www.huhtamaki.com/,candidate,urllib_initial
hul.co.in,https://www.hul.co.in/,candidate,proxy_curl
hvax.in,https://www.hvax.in/,candidate,urllib_initial
hy-techengineers.com,https://www.hy-techengineers.com/,candidate,urllib_initial
hybridfinance.co.in,https://www.hybridfinance.co.in/,candidate,urllib_initial
hypersoftindia.com,https://www.hypersoftindia.com/,candidate,urllib_initial
hyundai.com,https://www.hyundaimotors.co.il/,candidate,urllib_initial
hzlindia.com,https://www.hzlindia.com/,candidate,urllib_initial
ia.ooo,https://avenuesai.com/,candidate,urllib_initial
iccaps.com,https://www.iccaps.com/,candidate,urllib_initial
icdslimited.com,https://icdslimited.com/,candidate,urllib_initial
icemakeindia.com,https://www.icemakeindia.com/,candidate,urllib_initial
icicibank.com,https://www.icici.bank.in/,candidate,urllib_initial
icicilombard.com,https://www.icicilombard.com/,candidate,proxy_curl
icicipruamc.com,https://www.icicipruamc.com/,candidate,urllib_initial
iciciprulife.com,https://www.iciciprulife.com/,candidate,proxy_curl
iclbelting.com,https://iclbelting.com/,candidate,urllib_initial
iconf.in,https://www.iconf.in/,candidate,india_proxy
icra.in,https://www.icra.in/,candidate,urllib_initial
ideaforgetech.com,https://ideaforgetech.com/,candidate,urllib_initial
idealtechnoplasts.com,https://idealtechnoplast.com/,candidate,urllib_initial
identicalbrains.com,https://identicalbrains.com/,candidate,urllib_initial
identixweb.com,https://www.identixweb.com/,candidate,urllib_initial
idfcbank.com,https://www.idfcfirst.bank.in/,candidate,urllib_initial
idreamfilminfra.com,http://www.idreamfilminfra.com/,candidate,urllib_initial
iecgroup.in,https://www.iecgroup.in/,candidate,urllib_initial
iexindia.com,https://www.iexindia.com/,candidate,urllib_initial
ifbagro.in,https://www.ifbagro.in/,candidate,urllib_initial
ifbindustries.com,https://www.ifbindustries.com/,candidate,urllib_initial
ifglgroup.com,https://ifglgroup.com/,candidate,urllib_initial
ifllimited.com,https://ifllimited.com/,candidate,urllib_initial
igarashimotors.com,https://www.igarashimotors.com/,candidate,urllib_initial
igcindustriesltd.in,https://igcindustriesltd.in/,candidate,urllib_initial
igenesys.com,https://www.igenesys.com/,candidate,urllib_initial
igfl.co.in,https://www.igfl.co.in/,candidate,urllib_initial
igi.org,https://www.igi.org/,candidate,proxy_curl
iglonline.net,https://www.iglonline.net/,candidate,urllib_initial
igpetro.com,https://www.igpetro.com/,candidate,urllib_initial
ihcltata.com,https://www.ihcltata.com/,candidate,proxy_curl
iifl.com,https://www.iifl.com/,candidate,urllib_initial
iiflwealth.com,https://www.360.one/wealth/home,candidate,urllib_initial
iimlindia.com,https://iimlindia.com/,candidate,urllib_initial
iirmholdings.in,https://www.iirmholdings.in/,candidate,urllib_initial
ikabsecurities.com,https://mkventurescapital.com/,candidate,urllib_initial
ikio.in,https://ikiotech.com/,candidate,urllib_initial
ikshealth.com,https://ikshealth.com/,candidate,urllib_initial
ilfsengg.com,https://www.ilfsengg.com/,candidate,urllib_initial
ilshospitals.com,https://ilshospitals.com/,candidate,urllib_initial
imagicaaworld.com,https://www.imagicaaworld.com/,candidate,urllib_initial
imcapitals.com,https://imcapitals.com/,candidate,urllib_initial
imfa.in,https://www.imfa.in/,candidate,urllib_initial
impal.net,https://www.impal.net/,candidate,urllib_initial
impexferrotech.com,https://www.impexferrotech.com/,candidate,urllib_initial
in10stech.com,https://www.in10stech.com/,candidate,urllib_initial
inanimarbles.com,https://inanimarbles.com/,candidate,urllib_initial
incon.in,https://incon.in/,candidate,urllib_initial
incredibleindustries.co.in,https://www.incredibleindustries.co.in/,candidate,urllib_initial
indagrubber.com,https://indagrubber.com/,candidate,urllib_initial
indbankhousing.com,https://www.indbankhousing.com/,candidate,urllib_initial
indbankonline.com,https://www.indbankonline.com/,candidate,urllib_initial
indef.com,https://indef.com/,candidate,urllib_initial
indegene.com,https://www.indegene.com/,candidate,urllib_initial
indergiri.com,https://www.indergiri.com/,candidate,urllib_initial
indiabulls.com,https://indiabulls.com/,candidate,urllib_initial
indiafinsec.com,http://ww16.indiafinsec.com/?sub1=20260927-0317-49a3-8044-53e7eb6c8e89,candidate,urllib_initial
indiagelatine.com,https://www.indiagelatine.com/,candidate,urllib_initial
indiaglycols.com,https://www.indiaglycols.com/,candidate,urllib_initial
indiahomeloan.co.in,https://indiahomeloan.co.in/,candidate,urllib_initial
indiahomesltd.com,https://www.indiahomesltd.com/,candidate,urllib_initial
indiainfoline.com,https://www.indiainfoline.com/,candidate,urllib_initial
indialease.com,https://www.indialease.com/,candidate,urllib_initial
indianacrylics.com,https://www.indianacrylics.com/,candidate,urllib_initial
indianbank.in,https://indianbank.bank.in/en/,candidate,urllib_initial
indianemulsifiers.com,https://indianemulsifiers.com/,candidate,urllib_initial
indianinfotech.org,https://indianinfotech.org/,candidate,urllib_initial
indianippon.com,https://indianippon.com/,candidate,urllib_initial
indianphosphate.com,https://indianphosphate.com/,candidate,urllib_initial
indianterrain.com,https://indianterrain.com/,candidate,urllib_initial
indiantoners.com,https://www.indiantoners.com/,candidate,urllib_initial
indiapesticideslimited.com,https://www.indiapesticideslimited.com/,candidate,urllib_initial
indiapower.com,https://www.indiapower.com/,candidate,urllib_initial
indiashelter.in,https://www.indiashelter.in/,candidate,urllib_initial
indifra.com,https://www.indifra.com/,candidate,urllib_initial
indigopaints.com,https://indigopaints.com/,candidate,urllib_initial
indigrid.co.in,https://www.indigrid.co.in/,confirmed,direct_noverify
indiqube.com,https://indiqube.com/,candidate,urllib_initial
indo-city.com,https://www.indo-city.com/,candidate,urllib_initial
indo-tech.com,https://www.indo-tech.com/,candidate,urllib_initial
indoaminesltd.com,https://indoaminesltd.com/,candidate,urllib_initial
indobell.com,https://indobell.com/,candidate,urllib_initial
indoborax.com,https://www.indoborax.com/,candidate,urllib_initial
indoco.com,https://www.indoco.com/,candidate,urllib_initial
indocount.com,https://www.indocount.com/,candidate,urllib_initial
indocreditcapital.com,https://indocreditcapital.com/,candidate,urllib_initial
indoeuroindchem.com,http://www.indoeuroindchem.com/,candidate,urllib_initial
indofarm.in,https://www.indofarm.in/,candidate,urllib_initial
indogulfind.com,http://ww547.indogulfind.com/?tkn=19vnMT3S,candidate,urllib_initial
indokem.co.in,https://www.indokem.co.in/,candidate,proxy_curl
indongteaco.com,https://www.indongteaco.com/,candidate,urllib_initial
indoramaindia.com,https://www.indoramaindia.com/,candidate,urllib_initial
indosmc.com,https://indosmc.com/,candidate,urllib_initial
indosolar.co.in,https://www.indosolar.co.in/,candidate,urllib_initial
indostarcapital.com,https://www.indostarcapital.com/,confirmed,direct
indothai.co.in,https://indothai.co.in/,candidate,urllib_initial
indousagriseeds.com,https://indousagriseeds.com/,candidate,urllib_initial
indowind.com,https://indowind.com/,candidate,urllib_initial
indrayani.com,https://indrayani.com/,candidate,urllib_initial
indsil.com,https://www.indsil.com/,candidate,urllib_initial
indswiftlabs.com,https://www.indswiftgroup.com/,candidate,urllib_initial
indusind.com,https://www.indusind.bank.in/,candidate,urllib_initial
indusinvit.com,https://www.indusinvit.com/,candidate,urllib_initial
industowers.com,https://www.industowers.com/,candidate,urllib_initial
industrialprudential.com,https://www.industrialprudential.com/,candidate,urllib_initial
infinityinfoway.com,https://infinityinfoway.com/,candidate,urllib_initial
infiniumpharmachem.com,https://infiniumpharmachem.com/,candidate,urllib_initial
inflameindia.com,https://inflameindia.com/,candidate,urllib_initial
influxhealthtech.com,https://influxhealthtech.com/,candidate,urllib_initial
infobeans.com,https://infobeans.ai/,candidate,urllib_initial
infoedge.in,https://www.infoedge.in/,candidate,urllib_initial
infollion.com,https://www.infollion.com/,candidate,urllib_initial
infomediapress.in,https://www.infomediapress.in/,candidate,urllib_initial
infonative.net,https://infonative.net/,candidate,urllib_initial
informed-tech.com,https://informed-tech.com/,candidate,urllib_initial
infosys.com,https://www.infosys.com/,candidate,proxy_curl
infraville.info,http://ww547.infraville.info/?tkn=19vnMT3S,candidate,urllib_initial
infronics.com,http://infronics.com/,candidate,urllib_initial
inlandprinters.in,https://inlandprinters.in/,candidate,urllib_initial
innocorpltd.com,http://www.innocorpltd.com/,candidate,urllib_initial
innokaizindia.com,https://pengeluarantogelhariini.club/,candidate,urllib_initial
innomet.net,https://www.innomet.net/,candidate,urllib_initial
innovacaptab.com,https://www.innovacaptab.com/,candidate,urllib_initial
innovanathinklabs.com,https://www.innovanathinklabs.com/,candidate,urllib_initial
innovassynth.com,https://www.innovassynth.com/,candidate,urllib_initial
innovative.in,https://www.innovative.in/,candidate,urllib_initial
innovativetyres.com,http://www.innovativetyres.com/,candidate,urllib_initial
innovators.in,https://innovators.in/,candidate,urllib_initial
innovision.co.in,https://www.innovision.co.in/,candidate,urllib_initial
inoxwind.com,https://inoxwind.com/,candidate,urllib_initial
insecticidesindia.com,https://insecticidesindia.com/,candidate,urllib_initial
insolationenergy.in,https://insolationenergy.in/,candidate,urllib_initial
inspirefilms.in,https://www.inspirefilms.in/,candidate,urllib_initial
inspirisys.com,https://www.inspirisys.com/,candidate,urllib_initial
integraengineering.in,https://www.integraengineering.in/,candidate,urllib_initial
integraessentia.com,https://www.integraessentia.com/,candidate,urllib_initial
integraindia.com,https://www.integraindia.com/,candidate,urllib_initial
integraprofit.com,http://www.integraprofit.com/,candidate,urllib_initial
integratedpersonnelservices.com,https://www.integratedpersonnelservices.com/,candidate,urllib_initial
integratedtech.in,http://www.integratedtech.in/,candidate,urllib_initial
integratedthermo.com,https://www.integratedthermo.com/,candidate,urllib_initial
integrityinfrabuild.com,https://integrityinfrabuild.com/,candidate,urllib_initial
intellectdesign.com,https://www.intellectdesign.com/,candidate,urllib_initial
interarchbuildings.com,https://www.interarchbuildings.com/,candidate,urllib_initial
interiseworld.com,https://www.interiseworld.com/,candidate,urllib_initial
internationalcombustion.in,https://internationalcombustion.in/,candidate,urllib_initial
internationaltravelhouse.in,https://www.internationaltravelhouse.in/,candidate,urllib_initial
interworlddigital.in,https://www.interworlddigital.in/,candidate,urllib_initial
intricastindia.com,https://www.intricastindia.com/,candidate,urllib_initial
inveniatech.com,https://inveniatech.com/,candidate,urllib_initial
inventuregrowth.com,https://www.inventuregrowth.com/,candidate,urllib_initial
investors.expleo.com,https://investors.expleo.com/,candidate,urllib_initial
iob.in,https://www.iob.bank.in/en/,candidate,urllib_initial
iolcp.com,https://www.iolcp.com/,candidate,urllib_initial
ionexchangeglobal.com,https://ionexchangeglobal.com/,candidate,urllib_initial
ipca.com,https://www.ipca.com/,candidate,urllib_initial
ipcl.in,https://www.ipcl.in/,candidate,urllib_initial
ipwrs.com,http://www.ipwrs.com/,candidate,urllib_initial
irb.co.in,https://www.irb.co.in/home/,candidate,urllib_initial
irbinvit.co.in,https://www.irbinvit.co.in/,candidate,urllib_initial
irctc.com,https://www.irctc.com/,candidate,urllib_initial
ireda.in,https://www.ireda.in/IredaWebPortal/,candidate,urllib_initial
irisbusiness.com,https://irisregtech.com,candidate,urllib_initial
irisclothings.in,https://www.irisclothings.in/,candidate,urllib_initial
irmenergy.com,https://www.irmenergy.com/,candidate,urllib_initial
isgec.com,https://www.isgec.com/,candidate,urllib_initial
ishandyes.com,https://ishandyes.com/,candidate,urllib_initial
ishanglobal.com,https://www.ishanglobal.com/,candidate,urllib_initial
ishitadrugs.com,https://ishitadrugs.com/,candidate,urllib_initial
islconsulting.in,https://www.islconsulting.in/,candidate,urllib_initial
isocl.in,https://isocl.in/,candidate,urllib_initial
istindia.com,https://www.istindia.com/,candidate,urllib_initial
istreetnetwork.com,https://istreetnetwork.com/,candidate,urllib_initial
italica.com,https://italica.com/,candidate,urllib_initial
itchotels.com,https://www.itchotels.com/in/en,candidate,urllib_initial
itconsinc.com,https://itconsinc.com/,candidate,urllib_initial
itcportal.com,https://itcportal.com/,candidate,urllib_initial
itdc.co.in,https://itdc.co.in/,candidate,urllib_initial
itiltd.in,https://www.itiltd.in/,candidate,urllib_initial
itiorg.com,https://www.itiorg.com/,candidate,urllib_initial
itl.co.in,https://itl.co.in/,candidate,urllib_initial
itlindia.com,https://www.itlindia.com/,candidate,urllib_initial
itnlindia.com,https://www.itnlindia.com/,candidate,urllib_initial
ivaluegroup.com,https://www.ivaluegroup.com/,candidate,urllib_initial
ivpindia.com,https://www.ivpindia.com/,candidate,urllib_initial
iware.co.in,https://iware.co.in/,candidate,urllib_initial
iwpkatha.com,https://www.iwpkatha.com/,candidate,urllib_initial
ixigo.com,https://rocket.ixigo.com/gdpr/index.html,candidate,urllib_initial
izmoltd.com,https://www.izmoltd.com/,candidate,urllib_initial
jacksoninvestltd.co.in,https://www.jacksoninvestltd.co.in/,candidate,urllib_initial
jacpl.co.in,https://www.jacpl.co.in/,candidate,urllib_initial
jafinance.co.in,https://www.jafinance.co.in/,candidate,urllib_initial
jaganlamps.com,https://www.jaganlamps.com/,candidate,urllib_initial
jagatjit.com,https://www.jagatjit.com/,candidate,urllib_initial
jagjanani.com,http://www.jagjanani.com/,candidate,urllib_initial
jagsonpal.co.in,https://jagsonpal.co.in/,candidate,urllib_initial
jagsonpal.com,https://www.jagsonpal.com/,candidate,urllib_initial
jaimataglass.com,https://jaimataglass.com/,candidate,urllib_initial
jainamferro.com,https://www.jainamferro.com/,candidate,urllib_initial
jainexgroup.com,https://jainexgroup.com/,candidate,urllib_initial
jainikpower.com,https://jainikpower.com/,candidate,urllib_initial
jainmarmo.com,https://www.jainmarmo.com/,candidate,urllib_initial
jainmetalgroup.com,https://www.jainmetalgroup.com/,candidate,urllib_initial
jains.com,https://www.jains.com/,candidate,urllib_initial
jaipurhospital.co.in,https://www.jaipurhospital.co.in/,candidate,urllib_initial
jaipurkurti.com,https://jaipurkurti.com/,candidate,urllib_initial
jaispring.com,https://www.jaispring.com/,candidate,urllib_initial
jakhariafabric.com,https://www.jakhariafabric.com/,candidate,proxy_curl
jalantransolutions.com,https://jalantransolutions.com/,candidate,urllib_initial
jameswarrentea.com,https://www.jameswarrentea.com/,candidate,urllib_initial
jamshri.in,https://jamshri.in/,candidate,urllib_initial
janabank.com,https://www.jana.bank.in/,candidate,urllib_initial
jaroeducation.com,https://www.jaroeducation.com/,candidate,urllib_initial
jasch.net.in,https://jasch.net.in/,candidate,urllib_initial
jaschindustries.com,https://www.jaschindustries.com/,candidate,urllib_initial
jashindia.com,https://jashindia.com/,candidate,urllib_initial
jausspolymers.com,https://www.jausspolymers.com/,candidate,urllib_initial
jayantagro.com,https://www.jayantagro.com/,candidate,urllib_initial
jayantinfra.com,https://www.jayantinfra.com/,candidate,urllib_initial
jaybeelaminations.co.in,https://jaybeelaminations.co.in/,candidate,urllib_initial
jayeshlogistics.com,https://jayeshlogistics.com/,candidate,urllib_initial
jaykailashnamkeen.com,https://www.jaykailashnamkeen.com/,candidate,urllib_initial
jaykayenterprises.com,https://www.jaykayenterprises.com/,candidate,urllib_initial
jayshreechemicals.com,https://www.jayshreechemicals.com/,candidate,urllib_initial
jayshreetea.com,https://jayshreetea.com/,candidate,urllib_initial
jbmgroup.com,https://www.jbmgroup.com/,candidate,urllib_initial
jeevanscientific.com,https://www.jeevanscientific.com/,candidate,urllib_initial
jenburkt.com,https://jenburkt.com/,candidate,urllib_initial
jetinfra.com,http://www.jetinfra.com/,candidate,urllib_initial
jetking.com,https://www.jetking.com/,candidate,urllib_initial
jetlycot.com,https://jetlycot.com/,candidate,urllib_initial
jfllifesciences.com,https://jfllifesciences.com/,candidate,urllib_initial
jgchem.com,https://jgchem.com/,candidate,urllib_initial
jhsretail.com,https://www.jhsretail.com/,candidate,urllib_initial
jindalgroup.com,https://www.jindalgroup.com/,candidate,urllib_initial
jindalinfralogistics.com,https://jindalinfralogistics.com/,candidate,urllib_initial
jindalphoto.com,http://www.jindalphoto.com/,candidate,urllib_initial
jindalsaw.com,https://jindalsaw.com/,candidate,urllib_initial
jindalstainless.com,https://www.jindalstainless.com/,candidate,urllib_initial
jindalsteelpower.com,https://www.jindalsteel.in/,candidate,urllib_initial
jindaltextiles.com,https://www.jindaltextiles.com/,candidate,urllib_initial
jivialrailings.com,https://www.jivialrailings.com/,candidate,urllib_initial
jiwanramgroup.com,https://www.jiwanramgroup.com/,candidate,urllib_initial
jkagri.com,https://jkagri.com/,candidate,urllib_initial
jkcement.com,https://www.jkcement.com/,candidate,india_proxy
jkipl.in,https://www.jkipl.in/,candidate,urllib_initial
jklakshmicement.com,https://www.jklakshmicement.com/,candidate,urllib_initial
jkpaper.com,https://www.jkpaper.com/,candidate,urllib_initial
jktyre.com,https://www.jktyre.com/,candidate,urllib_initial
jkumar.com,https://www.jkumar.com/,candidate,urllib_initial
jmaindia.com,https://jmaindia.com/,candidate,urllib_initial
jmdlimited.com,https://www.hugedomains.com/domain_profile.cfm?d=jmdlimited.com,candidate,urllib_initial
jmfl.com,https://www.jmfl.com/,candidate,urllib_initial
jmjfintechltd.com,https://jmjfintechltd.com/,candidate,urllib_initial
jnkindia.com,https://www.jnkindia.com/,candidate,urllib_initial
jocil.in,https://www.jocil.in/,candidate,urllib_initial
joindre.com,http://www.joindre.com/,candidate,urllib_initial
jojolimited.com,https://www.jojolimited.com/,candidate,urllib_initial
jollyplasticindustriesltd.in,https://www.jollyplasticindustriesltd.in/,candidate,urllib_initial
jonjua.com,https://jonjua.com/,candidate,urllib_initial
joonktolleetea.in,https://www.scpl.in/,candidate,urllib_initial
josts.com,https://josts.com/,candidate,urllib_initial
jpifcl.com,http://www.jpifcl.com/,candidate,urllib_initial
jplcorp.in,https://jplcorp.in/new/Default.aspx,candidate,urllib_initial
jpmgroup.co.in,https://www.jpmgroup.co.in/,candidate,urllib_initial
jppowerventures.com,https://www.jppowerventures.com/,candidate,urllib_initial
jptsecurities.com,https://www.jptsecurities.com/,candidate,urllib_initial
jsil.in,https://www.jsil.in/,candidate,urllib_initial
jslmogar.com,https://www.jslmogar.com/,candidate,urllib_initial
jsw.in,https://www.jsw.in/,candidate,urllib_initial
jswcement.in,https://www.jswcement.in/,candidate,urllib_initial
jswholdings.in,https://www.jswholdings.in/,candidate,urllib_initial
jtekt.co.in,https://www.jtekt.co.in/,candidate,urllib_initial
jtl.one,https://www.jtl.one/,candidate,urllib_initial
jtldefence.com,https://jtldefence.com/,candidate,urllib_initial
jubilantfoodworks.com,https://www.jubilantfoodworks.com/,candidate,india_proxy
jubilantingrevia.com,https://jubilantingrevia.com/,candidate,urllib_initial
jumbobaglimited.com,https://www.jumbobaglimited.com/,candidate,urllib_initial
junctionfabrics.in,https://www.junctionfabrics.in/,candidate,urllib_initial
junglecampsindia.com,https://junglecampsindia.com/,candidate,urllib_initial
junipergreenenergy.com,https://www.junipergreenenergy.com/,candidate,urllib_initial
juniperhotels.com,https://juniperhotels.com/,candidate,urllib_initial
jupiterhospital.com,https://www.jupiterhospital.com/,candidate,urllib_initial
jupiterinfomedia.com,https://jupiterinfomedia.com/,candidate,urllib_initial
justdial.com,https://www.justdial.com/,confirmed,direct_noverify
justo.co.in,https://www.justo.co.in/,candidate,urllib_initial
jute-world.com,https://www.jute-world.com/,candidate,urllib_initial
jyothylabs.com,https://www.jyothylabs.com/,candidate,urllib_initial
jyoti.co.in,https://jyoti.co.in/,candidate,urllib_initial
jyoti.com,https://www.jyoti.com/,candidate,urllib_initial
jyotiglobalplast.com,https://jyotiglobalplast.com/,candidate,urllib_initial
jyotistructures.in,https://jyotistructures.in/,candidate,urllib_initial
k2infra.com,https://k2infra.com/,candidate,urllib_initial
kaarya.co.in,https://www.kaarya.co.in/,candidate,urllib_initial
kabradrugs.com,https://www.kabradrugs.com/,candidate,urllib_initial
kabsons.co.in,https://www.kabsons.co.in/,candidate,urllib_initial
kairacan.com,https://www.kairacan.com/,candidate,urllib_initial
kajariaceramics.com,https://www.kajariaceramics.com/,candidate,urllib_initial
kakaprofile.com,https://www.kakaprofile.com/,candidate,urllib_initial
kakatiyacements.com,http://www.kakatiyacements.com/,candidate,urllib_initial
kalanaispat.com,https://kalanaispat.com/,candidate,urllib_initial
kalindlimited.com,https://www.kalindlimited.com/home/,candidate,urllib_initial
kalpataru.com,https://www.kalpataru.com/,candidate,urllib_initial
kalpatarupower.com,https://kalpataruprojects.com,candidate,urllib_initial
kalyancapitals.com,https://kalyancapitals.com/,candidate,urllib_initial
kalyani-investment.com,https://www.kalyani-investment.com/,candidate,urllib_initial
kalyanicasttech.com,https://kalyanicasttech.com/,candidate,urllib_initial
kalyanicommercials.com,https://www.kalyanicommercials.com/,candidate,urllib_initial
kalyaniforge.co.in,https://www.kalyaniforge.com/,candidate,urllib_initial
kalyanisteels.com,https://www.kalyanisteels.com/,candidate,urllib_initial
kalyanjewellers.net,https://www.kalyanjewellers.net/,candidate,urllib_initial
kamanwalahousing.com,https://www.kamanwalahousing.com/,candidate,urllib_initial
kamatsindia.com,https://www.kamatsindia.com/,candidate,urllib_initial
kamdhenuispat.com,https://www.kamdhenulimited.com/,candidate,urllib_initial
kamdhenupaints.com,https://www.kamdhenupaints.com/,candidate,urllib_initial
kamronlabs.com,https://www.kamronlabs.com/,candidate,urllib_initial
kananiindustries.com,https://www.kananiindustries.com/,candidate,urllib_initial
kanchikarpooram.com,https://www.kanchikarpooram.com/,candidate,urllib_initial
kancotea.in,https://www.kancotea.in/,candidate,urllib_initial
kandagirimills.com,https://www.kandagirimills.com/,candidate,urllib_initial
kanel.in,https://www.kanel.in/,candidate,urllib_initial
kanhastainless.com,https://www.kanhastainless.com/,candidate,urllib_initial
kanishkindia.co.in,https://kanishkindia.co.in/,candidate,urllib_initial
kanishksteels.in,https://www.kanishksteels.in/,candidate,urllib_initial
kanohar.com,https://www.kanohar.com/,candidate,urllib_initial
kanoriachem.com,https://www.kanoriachem.com/,candidate,urllib_initial
kanplas.com,https://www.kanplas.com/,candidate,urllib_initial
kanungofinanciers.com,https://kanungofinanciers.com/,candidate,urllib_initial
kapashicommercial.com,https://kapashicommercial.com/,candidate,urllib_initial
kapilrajfinanceltd.com,https://www.kapilrajfinanceltd.com/,candidate,urllib_initial
kapstonservices.com,https://kapstonservices.com/,candidate,urllib_initial
karamtara.com,https://karamtara.com/,candidate,urllib_initial
karbonsteel.com,https://karbonsteel.com/,candidate,urllib_initial
karmaenergy.co,http://www.karmaenergy.co/,candidate,urllib_initial
karnatakabank.com,https://www.karnatakabank.bank.in/,candidate,urllib_initial
karnikaindustries.com,https://karnikaindustries.com/,candidate,urllib_initial
karnimatacoldstorage.com,https://www.karnimatacoldstorage.com/,candidate,urllib_initial
kartikinvestments.com,https://www.kartikinvestments.com/,candidate,urllib_initial
kashyaptele-medicines.com,https://kashyaptele-medicines.com/,candidate,urllib_initial
katariaindustries.co.in,https://www.katariaindustries.co.in/,candidate,urllib_initial
kaushalya.co.in,https://www.kaushalya.co.in/,candidate,urllib_initial
kaushalya.net,http://www.kaushalya.net/,candidate,urllib_initial
kauveryhospital.com,https://www.kauveryhospital.com/,candidate,urllib_initial
kaveriseeds.in,https://www.kaveriseeds.in/,candidate,urllib_initial
kavveritelecoms.com,https://kavveridefence.com/,candidate,urllib_initial
kayceeenergy.com,https://www.kayceeenergy.com/,candidate,urllib_initial
kayceeindustries.com,https://www.kayceeindustries.com/,candidate,urllib_initial
kaynestechnology.co.in,https://www.kaynestechnology.co.in/,candidate,urllib_initial
kaypowerandpaper.com,http://www.kaypowerandpaper.com/,candidate,urllib_initial
kaytexfabrics.com,https://kaytexfabrics.com/,candidate,urllib_initial
kcfl.co.in,https://kcfl.co.in/,candidate,urllib_initial
kckindustriesltd.com,https://www.kckindustriesltd.com/,candidate,urllib_initial
kclinfra.com,https://kclinfra.com/,candidate,urllib_initial
kcp.co.in,http://www.kcp.co.in/,candidate,urllib_initial
kcpsugar.com,https://kcpsugar.com/,candidate,urllib_initial
kcsl.co.in,https://www.kcsl.co.in/,candidate,urllib_initial
kddl.com,https://www.kddl.com/,candidate,urllib_initial
kdsbpo.com,https://www.kdsbpo.com/,candidate,urllib_initial
keerthiindustries.com,http://www.keerthiindustries.com/,candidate,urllib_initial
kei-ind.com,https://www.kei-ind.com/,candidate,urllib_initial
kelltontech.com,https://www.kellton.com/,candidate,urllib_initial
kempnco.com,https://www.kempnco.com/,candidate,urllib_initial
ken-fin.com,https://www.ken-fin.com/,candidate,urllib_initial
kenindia.in,https://www.kenindia.in/,candidate,urllib_initial
kennametal.com,https://www.kennametal.com/us/en/csf-outage.html,candidate,urllib_initial
kenrikindustries.net,https://www.kenrikindustries.net/,candidate,urllib_initial
kenvijewels.com,https://www.kenvijewels.com/,candidate,urllib_initial
keralaayurveda.biz,https://keralaayurveda.com/,candidate,urllib_initial
kernex.in,https://www.kernex.in/,candidate,urllib_initial
kesarindia.com,https://www.kesarindia.com/,candidate,urllib_initial
kesarinfra.com,https://www.kesarinfra.com/,candidate,urllib_initial
kesarlands.com,https://kesarlands.com/,candidate,urllib_initial
kesarpetroproducts.com,https://www.kesarpetroproducts.com/,candidate,urllib_initial
keshavcement.com,https://www.keshavcement.com/,candidate,urllib_initial
kesocorp.com,https://www.kesocorp.com/DOCS/home.php,candidate,urllib_initial
keva.co.in,https://keva.co.in/,candidate,urllib_initial
kewalkiran.com,https://www.kewalkiran.com/,candidate,urllib_initial
keycorpltd.com,https://www.keycorpltd.com/,candidate,urllib_initial
keynoteindia.net,https://keynoteindia.net/,candidate,urllib_initial
kflindia.com,https://www.kflindia.com/,candidate,urllib_initial
kgv.co.in,https://kgv.co.in/,candidate,urllib_initial
khadims.com,https://www.khadims.com/,candidate,urllib_initial
khazanchi.co.in,https://www.khazanchi.co.in/,candidate,urllib_initial
khfm.in,https://www.khfm.in/,candidate,urllib_initial
khil.com,https://www.khil.com/,candidate,urllib_initial
khoobsuratltd.co.in,https://www.khoobsuratltd.co.in/,candidate,urllib_initial
khyatimultimedia.com,http://www.khyatimultimedia.com/,candidate,urllib_initial
kiaasa.com,https://kiaasa.com/,candidate,urllib_initial
kicmetaliks.com,https://www.kicmetaliks.com/,candidate,urllib_initial
kifsfinance.com,https://www.kifsfinance.com/,candidate,urllib_initial
kilburnengg.com,https://www.kilburnengg.com/,candidate,urllib_initial
kilitch.com,https://kilitch.com/,candidate,urllib_initial
kilpest.com,https://www.kilpest.com/,candidate,urllib_initial
kimiabiosciences.com,https://www.kimiabiosciences.com/,candidate,urllib_initial
kimshospitals.com,https://www.kimshospitals.com/,candidate,urllib_initial
kineticindia.com,https://kineticindia.com/,candidate,urllib_initial
kingfaindia.com,https://www.kingfaindia.com/,candidate,urllib_initial
kingsinfra.com,https://www.kingsinfra.com/,candidate,urllib_initial
kioclltd.in,https://www.kioclltd.in/,candidate,urllib_initial
kiransyntex.com,https://www.kiransyntex.com/,candidate,urllib_initial
kiriindustries.com,https://kiriindustries.com/,candidate,urllib_initial
kirloskarelectric.com,https://kirloskarelectric.com/,candidate,urllib_initial
kirloskarferrous.com,https://www.kirloskarferrous.com/,candidate,urllib_initial
kirloskaroilengines.com,https://www.kirloskaroilengines.com/,candidate,urllib_initial
kirloskarpneumatic.com,https://www.kirloskarpneumatic.com/,candidate,urllib_initial
kisangroup.com,https://www.kisangroup.com/,candidate,urllib_initial
kitexgarments.com,https://www.kitexgarments.com/,candidate,urllib_initial
kiziapparels.co.in,https://kiziapparels.co.in/,candidate,urllib_initial
kkalpanagroup.com,https://www.kkalpanagroup.com/,candidate,urllib_initial
kkvagropowers.com,https://kkvagropowers.com/,candidate,urllib_initial
klrf.in,https://www.klrf.in/,candidate,urllib_initial
kmew.in,https://www.kmew.in/,candidate,urllib_initial
kmsugar.com,https://www.kmsugar.com/,candidate,urllib_initial
knackpackaging.com,https://knackpackaging.com/,candidate,urllib_initial
knagri.com,https://www.knagri.com/,candidate,urllib_initial
knrcl.com,https://www.knrcl.com/,candidate,urllib_initial
kodytechnolab.com,https://kodytechnolab.com/,candidate,urllib_initial
kohinoorfoods.in,https://kohinoorfoods.in/,candidate,urllib_initial
kokuyocamlin.com,https://www.kokuyocamlin.com/camel/,candidate,urllib_initial
kolsite.com,https://www.kolsite.com/,candidate,urllib_initial
koltepatil.com,https://www.koltepatil.com/,candidate,urllib_initial
konarkonline.com,http://www.konarkonline.com/,candidate,urllib_initial
konstelec.com,https://www.konstelec.com/,candidate,urllib_initial
kontorspace.in,https://kontorspace.in/,candidate,urllib_initial
kopran.com,https://www.kopran.com/,candidate,urllib_initial
koredigital.com,https://www.koredigital.com/,candidate,urllib_initial
koremobiles.com,https://www.koremobiles.com/,candidate,urllib_initial
kotak.com,https://www.kotak.bank.in/en/home.html,candidate,urllib_initial
kotharipetrochemicals.com,https://www.kotharipetrochemicals.com/,candidate,urllib_initial
kothariproducts.in,https://www.kothariproducts.in/,candidate,urllib_initial
kothariyeast.in,https://www.kothariyeast.in/,candidate,urllib_initial
kotiaenterprises.com,https://www.kotiaenterprises.com/,candidate,urllib_initial
kotyark.com,https://www.kotyark.com/,candidate,urllib_initial
kouradiamondjewelry.com,https://kouradiamondjewelry.com/,candidate,urllib_initial
kp-group.in,https://kp-group.in/,candidate,urllib_initial
kpackltd.com,https://kpackltd.com/,candidate,urllib_initial
kpenergy.in,https://kpenergy.in/,candidate,urllib_initial
kpgreenengineering.com,https://kpgreenengineering.com/,candidate,urllib_initial
kpigreenenergy.com,https://www.kpigreenenergy.com/,candidate,urllib_initial
kpit.com,https://www.kpit.com/,candidate,urllib_initial
kprindustries.in,https://kprindustries.in/,candidate,urllib_initial
kprmilllimited.com,https://www.kprmilllimited.com/,candidate,urllib_initial
kpt.co.in,https://www.kpt.co.in/,candidate,urllib_initial
krantiindustries.com,https://krantiindustries.com/,candidate,urllib_initial
kratikal.com,https://www.kratikal.com/,candidate,urllib_initial
krblrice.com,https://krblrice.com/,candidate,urllib_initial
krebsbiochem.com,http://www.krebsbiochem.com/,candidate,urllib_initial
kreon.in,https://www.kreon.in/,candidate,urllib_initial
krettosysconltd.com,https://krettosysconltd.com/,candidate,urllib_initial
kridhan.com,https://www.kridhan.com/,candidate,urllib_initial
krishcastrapping.com,https://www.krishcastrapping.com/,candidate,urllib_initial
krishival.com,https://krishival.com/,candidate,urllib_initial
krishnaallied.com,https://krishnaallied.com/,candidate,urllib_initial
krishnagroup.com,https://krishnagroup.com/,candidate,urllib_initial
krishnaphoschem.com,http://www.krishnaphoschem.com/,candidate,urllib_initial
krishnaventures.com,https://www.hugedomains.com/domain_profile.cfm?d=krishnaventures.com,candidate,urllib_initial
kritiindustries.com,https://kritiindustries.com/,candidate,urllib_initial
kritikawires.com,https://www.kritikawires.com/,candidate,urllib_initial
kritinutrients.com,https://www.kritinutrients.com/,candidate,urllib_initial
krmayurvedaindia.com,https://www.krmayurvedaindia.com/,candidate,urllib_initial
krnheatexchanger.com,https://krnheatexchanger.com/,candidate,urllib_initial
kronoxlabsciences.com,https://www.kronoxlabsciences.com/,candidate,urllib_initial
krosslimited.com,https://www.krosslimited.com/,candidate,urllib_initial
krrailengg.com,https://krrailengg.com/,candidate,urllib_initial
krsnaadiagnostics.com,https://krsnaadiagnostics.com/,candidate,urllib_initial
krupalumetals.com,https://www.krupalumetals.com/,candidate,urllib_initial
kryptongroup.com,https://www.kryptongroup.com/,candidate,urllib_initial
krystal-group.com,https://krystal-group.com/,candidate,urllib_initial
ksbindia.in,https://ksbindia.in/,candidate,urllib_initial
kselimited.com,https://www.kselimited.com/,candidate,urllib_initial
kshitijpolyline.com,https://www.kshitijpolyline.com/,candidate,urllib_initial
kslindia.com,https://kslindia.com/,candidate,urllib_initial
ksml.in,http://ksml.in/,candidate,urllib_initial
ksolves.com,https://www.ksolves.com/,candidate,urllib_initial
ksrfootwear.com,https://www.ksrfootwear.com/,candidate,urllib_initial
kuantumpapers.com,https://www.kuantumpapers.com/,candidate,urllib_initial
kuberudyog.com,https://www.kuberudyog.com/,candidate,urllib_initial
kumbhatfinancialserviceslimited.com,https://kumbhatfinancialserviceslimited.com/,candidate,urllib_initial
kunststoffeindia.com,https://kunststoffeindia.com/,candidate,urllib_initial
kusumgar.com,https://www.kusumgar.com/,candidate,urllib_initial
kuwer.com,https://www.kuwer.com/,candidate,urllib_initial
kvb.bank.in,https://www.kvb.bank.in/,candidate,urllib_initial
kvscastings.com,https://kvscastings.com/,candidate,urllib_initial
kvtoys.com,https://kvtoys.com/,candidate,urllib_initial
kwalitypharma.com,https://www.kwalitypharma.com/,candidate,urllib_initial
kwalitywallsindia.com,https://www.kwalitywallsindia.com/home.html,candidate,proxy_curl
kwickforensic.com,https://www.kwickforensic.com/,candidate,urllib_initial
labelkraft.com,https://www.labelkraft.com/,candidate,urllib_initial
lactoseindialimited.com,https://www.lactoseindialimited.com/,candidate,urllib_initial
ladamaffordablehousing.com,https://www.ladamaffordablehousing.com/,candidate,urllib_initial
laffanspetrochemicals.com,https://www.laffanspetrochemicals.com/,candidate,urllib_initial
lagnamspintex.com,https://www.lagnamspintex.com/,candidate,urllib_initial
lahotioverseas.in,https://lahotioverseas.in/,candidate,urllib_initial
lakhotiapoly.in,https://www.lakhotiapoly.in/,candidate,urllib_initial
lakshmiautomatic.com,https://lakshmiew.com/,candidate,urllib_initial
lakshmimach.com,https://www.lmwglobal.com/,candidate,urllib_initial
lakshmimills.com,https://www.lakshmimills.com/,candidate,urllib_initial
lakshyapowertech.com,https://www.lakshyapowertech.com/,candidate,urllib_initial
lalchandanipathlab.com,https://www.lalchandanipathlab.com/,candidate,urllib_initial
lalithaajewellery.com,https://www.lalithaajewellery.com/,candidate,urllib_initial
lalpathlabs.com,https://www.lalpathlabs.com/,candidate,urllib_initial
lambodharatextiles.com,https://www.lambodharatextiles.com/,candidate,urllib_initial
lamosaic.in,https://www.lamosaic.in/,candidate,urllib_initial
lancermarine.in,https://www.lancermarine.in/,candidate,india_proxy
lancor.in,https://lancor.in/,candidate,urllib_initial
landmarkproperty.in,https://www.landmarkproperty.in/,candidate,urllib_initial
laopala.in,https://www.laopala.in/,candidate,urllib_initial
laplautomotive.com,https://www.laplautomotive.com/,candidate,urllib_initial
larsentoubro.com,https://www.larsentoubro.com/,candidate,urllib_initial
lasalabs.com,https://www.lasalabs.com/,candidate,urllib_initial
laserpowerinfra.com,https://laserpowerinfra.com/,candidate,urllib_initial
lastmilent.com,https://lastmilent.com/,candidate,urllib_initial
latentview.com,https://www.latentview.com/,candidate,urllib_initial
latteysindustries.com,https://www.latteysindustries.com/,candidate,urllib_initial
lauruslabs.com,https://www.lauruslabs.com/,candidate,urllib_initial
lawsikho.com,https://lawsikho.com/,candidate,urllib_initial
laxmi.com,https://www.laxmi.com/,candidate,urllib_initial
laxmicotspin.com,https://www.laxmicotspin.com/,candidate,urllib_initial
laxmidentallimited.com,https://laxmidentallimited.com/,candidate,urllib_initial
laxmipatiengineering.com,https://www.laxmipatiengineering.com/,candidate,urllib_initial
leadfinancialservices.in,https://www.leadfinancialservices.in/,candidate,urllib_initial
leadreclaim.com,https://www.leadreclaim.com/,candidate,urllib_initial
leapindia.net,https://www.leapindia.net/,candidate,urllib_initial
leatherchem.com,https://www.leatherchem.com/,candidate,urllib_initial
lecsindia.com,https://www.lecsindia.com/,candidate,urllib_initial
leenaconsultancy.in,http://www.leenaconsultancy.in/,candidate,urllib_initial
leharfootwear.com,https://leharfootwear.com/,candidate,urllib_initial
lemeriteexports.com,https://www.lemeriteexports.com/,candidate,urllib_initial
lemontreehotels.com,https://www.lemontreehotels.com/,candidate,urllib_initial
lendingplate.com,https://lendingplate.com/,candidate,urllib_initial
lenskart.com,https://www.lenskart.com/,candidate,urllib_initial
leodryfruitsandspices.com,https://leodryfruitsandspices.com/,candidate,urllib_initial
lesgroup.in,https://www.lesgroup.in/,candidate,urllib_initial
lesha.in,https://lesha.in/,candidate,urllib_initial
lexoraaindustries.com,https://lexoraaindustries.com/,candidate,urllib_initial
lexoraglobal.in,https://lexoraglobal.in/,candidate,urllib_initial
lgb.co.in,https://lgb.co.in/,candidate,urllib_initial
lgbforge.co.in,https://www.lgbforge.com/,candidate,urllib_initial
libasdesignsltd.com,https://www.libasdesignsltd.com/,candidate,urllib_initial
libertyshoes.com,https://www.libertyshoes.com/,candidate,urllib_initial
libord.com,https://libord.com/,candidate,urllib_initial
lichousing.com,https://www.lichousing.com/,candidate,urllib_initial
licindia.in,https://licindia.in/,candidate,urllib_initial
lifc.co.in,https://www.lifc.co.in/,candidate,urllib_initial
likhitha.co.in,https://www.likhitha.co.in/,candidate,urllib_initial
limechem.com,https://www.limechem.com/,candidate,urllib_initial
lincolnpharma.com,https://www.lincolnpharma.com/,candidate,urllib_initial
lincpen.com,https://www.lincpen.com/,candidate,urllib_initial
lindeindia.in,https://www.lindeindia.in/,candidate,urllib_initial
linkpharmachem.co.in,https://linkpharmachem.co.in/,candidate,urllib_initial
liotechindustries.in,https://liotechindustries.in/,candidate,urllib_initial
lippisystems.com,https://www.lippisystems.com/,candidate,urllib_initial
lkpfinance.com,https://www.lkpfinance.com/,candidate,urllib_initial
lkpsec.com,https://www.lkpsec.com/,candidate,urllib_initial
llcl.co.in,https://www.llcl.co.in/,candidate,urllib_initial
llflltd.in,https://llflltd.in/,candidate,urllib_initial
lloyds.in,https://lloyds.in/,candidate,urllib_initial
lloydsengg.in,https://lloydsengg.in/,candidate,urllib_initial
lloydsenterprises.in,https://www.lloydsenterprises.in/,candidate,urllib_initial
lloydsluxuries.in,https://lloydsluxuries.in/,candidate,urllib_initial
lnbgroup.com,https://www.lnbgroup.com/,candidate,urllib_initial
lnttechservices.com,https://www.ltts.com/,candidate,urllib_initial
lodhagroup.com,https://www.lodhagroup.com/,candidate,urllib_initial
logiciel.io,https://logiciel.io/,candidate,urllib_initial
lohiagroup.com,https://www.lohiagroup.com/,candidate,urllib_initial
lokeshmachines.com,https://www.lokeshmachines.com/,candidate,urllib_initial
looksclinic.in,https://www.looksclinic.in/,candidate,urllib_initial
lordschloro.com,https://www.lordschloro.com/,candidate,urllib_initial
lordsishwar.com,http://www.lordsishwar.com/,candidate,urllib_initial
lotuschocolate.com,https://www.lotuschocolate.com/,candidate,urllib_initial
lotusdevelopers.com,https://lotusdevelopers.com/,candidate,urllib_initial
lotuseye.org,https://www.lotuseye.org/,candidate,urllib_initial
lovableindia.in,https://lovableindia.in/,candidate,urllib_initial
loyalequipments.com,https://loyalequipments.com/,candidate,urllib_initial
loyaltextiles.com,https://loyaltextiles.com/,candidate,urllib_initial
lpsindia.in,https://www.lpsindia.in/,candidate,urllib_initial
ltelevator.com,https://www.ltelevator.com/,candidate,urllib_initial
ltfs.com,https://www.ltfinance.com/,candidate,urllib_initial
ludlowjute.com,https://www.ludlowjute.com/,candidate,urllib_initial
lumaxautotech.com,https://www.lumaxworld.in/lumaxautotech/index.html,candidate,urllib_initial
lumaxindustries.com,https://www.lumaxworld.in/lumaxindustries/index.html,candidate,urllib_initial
luminoindustries.com,https://luminoindustries.com/,candidate,urllib_initial
lupin.com,https://www.lupin.com/,candidate,urllib_initial
luxinnerwear.com,https://www.luxinnerwear.com/,candidate,urllib_initial
luxurytimeindia.com,https://luxurytimeindia.com/,candidate,urllib_initial
lwsknitwear.com,https://www.lwsknitwear.com/,candidate,urllib_initial
lykalabs.com,https://lykalabs.com/,candidate,urllib_initial
lykis.com,https://lykis.com/,candidate,urllib_initial
lynxmachinery.com,http://www.lynxmachinery.com/,candidate,urllib_initial
lyonscorporate.com,http://lyonscorporate.co.in,candidate,urllib_initial
maanaluminium.com,https://www.maanaluminium.com/,candidate,urllib_initial
maccharlesindia.com,https://www.maccharlesindia.com/,candidate,urllib_initial
machconferences.com,https://www.machconferences.com/,candidate,urllib_initial
machharind.com,http://www.machharind.com/,candidate,urllib_initial
machino.com,https://machino.com/,candidate,urllib_initial
machotels.net,https://www.machotels.net/,candidate,urllib_initial
macpowercnc.com,https://macpowercnc.com/,candidate,urllib_initial
madhavbaug.org,https://madhavbaug.org/,candidate,urllib_initial
madhavcopper.com,https://www.madhavcopper.com/,candidate,urllib_initial
madhavcorp.com,https://madhavcorp.com/,candidate,urllib_initial
madhavmarbles.com,https://www.madhavmarbles.com/,candidate,urllib_initial
madhucon.com,https://www.madhucon.com/,candidate,urllib_initial
madhusudan-india.com,https://www.madhusudan-india.com/,candidate,urllib_initial
madhusudanmasala.com,https://www.madhusudanmasala.com/,candidate,urllib_initial
maestroselectronics.com,https://maestroselectronics.com/,candidate,urllib_initial
mafatlals.com,https://www.mafatlals.com/,candidate,urllib_initial
mafiastores.com,https://www.mafiastores.com/,candidate,urllib_initial
magadhsugar.com,https://magadhsugar.com/,candidate,urllib_initial
magellanic-cloud.com,https://magellanic-cloud.com/,candidate,urllib_initial
magentamattresses.com,https://www.magentamattresses.com/,candidate,urllib_initial
magnacast.com,https://www.magnacast.com/,candidate,urllib_initial
magnumventures.in,https://www.magnumventures.in/,candidate,urllib_initial
magnusretail.in,https://www.magnusretail.in/,candidate,urllib_initial
magson.in,https://www.magson.in/,candidate,urllib_initial
mahacorp.in,https://mcl.visagar.com/,candidate,urllib_initial
mahalaxmigroup.net,https://www.mahalaxmigroup.net/,candidate,urllib_initial
mahamayagroup.in,https://mahamayagroup.in/,candidate,urllib_initial
mahamayalifesciences.com,https://www.mahamayalifesciences.com/,candidate,urllib_initial
mahan.co.in,https://mahan.co.in/,candidate,urllib_initial
mahanagargas.com,https://www.mahanagargas.com/,candidate,urllib_initial
maharashtraapex.com,https://www.maharashtraapex.com/,candidate,urllib_initial
mahasagartravels.com,https://mahasagartravels.com,candidate,urllib_initial
mahascooters.com,https://www.mahascooters.com/,candidate,proxy_curl
maheshdevelopers.com,https://maheshdevelopers.com/,candidate,urllib_initial
mahickra.com,https://mahickra.com/,candidate,urllib_initial
mahindra.com,https://www.mahindra.com/,candidate,urllib_initial
mahindrafinance.com,https://www.mahindrafinance.com/,candidate,india_proxy
mahindralifespaces.com,https://www.mahindralifespaces.com/,candidate,urllib_initial
mahindralogistics.com,https://mahindralogistics.com/,candidate,urllib_initial
mahipindustriesltd.in,https://www.mahipindustriesltd.in/,candidate,urllib_initial
maidenforgings.in,https://maidenforgings.in/,candidate,urllib_initial
maithanalloys.com,https://www.maithanalloys.com/,candidate,urllib_initial
maitreyahospitals.com,https://www.maitreyahospitals.com/,candidate,urllib_initial
maitrienterprises.com,https://www.maitrienterprises.com/,candidate,urllib_initial
majesticauto.in,https://www.majesticauto.in/,candidate,urllib_initial
makerslabs.com,https://www.makerslabs.com/,candidate,urllib_initial
maksgenerators.com,https://www.maksgenerators.com/,candidate,urllib_initial
malasaree.com,https://www.malasaree.com/,candidate,urllib_initial
mallcom.in,https://mallcom.in/,candidate,urllib_initial
malpanipipes.com,https://www.malpanipipes.com/,candidate,urllib_initial
malupaper.com,https://malupaper.com/,candidate,urllib_initial
mamata.com,https://www.mamata.com/,candidate,urllib_initial
manaksia.com,https://www.manaksia.com/,candidate,urllib_initial
manaksiaaluminium.com,https://www.manaksiaaluminium.com/,candidate,urllib_initial
manaksiacoatedmetals.com,https://www.manaksiacoatedmetals.com/,candidate,urllib_initial
manaksiasteels.com,https://manaksiasteels.com/,candidate,urllib_initial
manalipetro.com,https://www.manalipetro.com/,candidate,urllib_initial
manappuram.com,https://www.manappuram.com/,candidate,urllib_initial
manaspolymers.com,https://manaspolymers.com/,candidate,urllib_initial
manavinfra.com,https://manavinfra.com/,candidate,urllib_initial
manbafinance.com,https://www.manbafinance.com/,candidate,urllib_initial
mandeepautoindustries.com,https://mandeepautoindustries.com/,candidate,urllib_initial
mangalamalloys.com,https://www.mangalamalloys.com/,candidate,urllib_initial
mangalamcement.com,https://www.mangalamcement.com/,candidate,urllib_initial
mangalamdrugs.com,https://www.mangalamdrugs.com/,candidate,urllib_initial
mangalamorganics.com,https://www.mangalamorganics.com/,candidate,urllib_initial
mangalamseeds.com,https://mangalamseeds.com/,candidate,urllib_initial
mangalamworldwide.com,https://mangalamworldwide.com/,candidate,urllib_initial
mangalcompusolution.com,https://www.mangalcompusolution.com/,candidate,urllib_initial
mangalfincorp.com,https://www.mangalfincorp.com/,candidate,urllib_initial
mangals.com,https://mangals.com/,candidate,urllib_initial
manglaminfra.com,https://www.manglaminfra.com/,candidate,urllib_initial
mangroup.com,https://mangroup.com/,candidate,urllib_initial
manilam.com,https://www.manilam.com/,candidate,urllib_initial
maninfra.com,https://www.maninfra.com/,candidate,urllib_initial
manipalhospitals.com,https://www.manipalhospitals.com:443/,candidate,urllib_initial
mankindpharma.com,https://www.mankindpharma.com/,candidate,urllib_initial
manojjewellerslimited.com,https://manojjewellerslimited.com/,candidate,urllib_initial
manomaytexindia.com,https://www.manomaytexindia.com/,candidate,urllib_initial
manoramagroup.co.in,https://manoramagroup.co.in/,candidate,urllib_initial
mansi.in,https://mansi.in/,candidate,urllib_initial
manugraph.com,https://www.manugraph.com/,candidate,urllib_initial
maplehospital.in,https://www.maplehospital.in/,candidate,urllib_initial
mapmyindia.com,https://www.mapmyindia.com/,candidate,urllib_initial
maraloverseas.com,https://www.maraloverseas.com/,candidate,urllib_initial
marathon.in,https://marathon.in/,candidate,urllib_initial
marcloire.com,https://marcloire.com/,candidate,urllib_initial
marcocables.com,https://www.marcocables.com/,candidate,urllib_initial
margofinance.com,https://www.margofinance.com/,candidate,urllib_initial
marico.com,https://marico.com/global,candidate,urllib_initial
marineelectricals.com,https://www.marineelectricals.com/,candidate,urllib_initial
maris.co.in,https://www.maris.co.in/,candidate,urllib_initial
markolines.com,https://www.markolines.com/,candidate,urllib_initial
marksanspharma.com,https://www.marksanspharma.com/,candidate,urllib_initial
martinburnltd.com,https://www.martinburnltd.com/,candidate,urllib_initial
marushika.in,https://marushika.in/,candidate,urllib_initial
marutiinfra.in,https://marutiinfra.in/,candidate,urllib_initial
marutisecurities.com,http://www.marutisecurities.com/,candidate,urllib_initial
marutisuzuki.com,https://www.marutisuzuki.com/,candidate,urllib_initial
marvellifestyle.com,https://www.marvellifestyle.com/,candidate,urllib_initial
mas.co.in,https://mas.co.in/,candidate,urllib_initial
maskinvestments.com,https://maskinvestments.com/,candidate,urllib_initial
masoninfra.com,https://www.masoninfra.com/,candidate,urllib_initial
mastek.com,https://www.mastek.com/,candidate,urllib_initial
master-group.in,https://master-group.in/,candidate,urllib_initial
mastertrust.co.in,https://www.mastertrust.co.in/,candidate,urllib_initial
matrimony.com,https://www.matrimony.com/,candidate,urllib_initial
matrix-geo.com,https://www.matrix-geo.com/,candidate,urllib_initial
mauria.com,https://mauria.com/,candidate,urllib_initial
mawanasugars.com,https://www.mawanasugars.com/,candidate,urllib_initial
maxestates.in,https://maxestates.in/,candidate,urllib_initial
maxfinancialservices.com,https://www.maxfinancialservices.com/,candidate,urllib_initial
maxhealthcare.in,https://www.maxhealthcare.in/,candidate,proxy_curl
maxheights.com,https://www.maxheights.com/,candidate,urllib_initial
maximusinternational.in,https://www.maximusinternational.in/,candidate,urllib_initial
maxindia.com,https://www.maxindia.com/,candidate,urllib_initial
maxposuremedia.com,https://maxposuremedia.com/,candidate,urllib_initial
maxvoltenergy.com,https://www.maxvoltenergy.com/,candidate,urllib_initial
mayankcattlefood.com,https://mayankcattlefood.com/,candidate,urllib_initial
mayasheelventures.com,https://www.mayasheelventures.com/,candidate,urllib_initial
mayukh.co.in,https://www.mayukh.co.in/,candidate,urllib_initial
mayurgroups.com,https://mayurgroups.com/wpkam/,candidate,urllib_initial
mayuruniquoters.com,https://www.mayuruniquoters.com/,candidate,urllib_initial
mazagondock.in,https://www.mazagondock.in/,candidate,urllib_initial
mazdalimited.com,https://mazdalimited.com/,candidate,urllib_initial
mbel.in,https://www.mbel.in/,candidate,urllib_initial
mblinfra.com,https://www.mblinfra.com/,candidate,urllib_initial
mcil.net,https://www.mcil.net/,candidate,urllib_initial
mcleodrussel.com,https://www.mcleodrussel.com/,candidate,urllib_initial
mcnallybharat.com,https://mcnallybharat.com/,candidate,urllib_initial
mconrasayan.com,https://mconrasayan.com/,candidate,urllib_initial
mcplworld.com,https://www.mcplworld.com/,candidate,urllib_initial
mcxindia.com,https://www.mcxindia.com/,candidate,proxy_curl
mdrcindia.com,https://www.mdrcindia.com/,candidate,india_proxy
medanta.org,https://www.medanta.org/,candidate,urllib_initial
mediassist.in,https://www.mediassist.in/,candidate,urllib_initial
medicamen.com,https://www.medicamen.com/,candidate,urllib_initial
medicamenorganics.com,https://www.medicamenorganics.com/,candidate,urllib_initial
medicaps.com,https://www.medicaps.com/,candidate,urllib_initial
medicointercontinental.com,https://medicointercontinental.com/,candidate,urllib_initial
medicoremedies.com,http://www.medicoremedies.com/,candidate,urllib_initial
medistephc.com,https://www.medistephc.com/,candidate,urllib_initial
medplusindia.com,https://www.medplusindia.com/,candidate,india_proxy
meeraind.com,https://meeraind.com/,candidate,urllib_initial
meesho.com,https://www.meesho.com/,confirmed,direct_noverify
mefcom.in,https://www.mefcom.in/,candidate,urllib_initial
megacorpltd.com,https://megacorpltd.com/,candidate,urllib_initial
megaflex.co.in,https://megaflex.co.in/,candidate,urllib_initial
megastarfoods.com,https://www.megastarfoods.com/,candidate,urllib_initial
megatherm.com,https://megatherm.com/,candidate,urllib_initial
meghmani.com,https://meghmani.com/,candidate,urllib_initial
megrisoft.com,https://www.megrisoft.com/,candidate,urllib_initial
mehaitech.co.in,https://mehaitech.co.in/,candidate,urllib_initial
mehtafinance.com,https://www.mehtafinance.com/,candidate,urllib_initial
mehtasecurities.com,https://mehtasecurities.com/home/,candidate,urllib_initial
mehulcolours.com,https://mehulcolours.com/,candidate,urllib_initial
mehultelecom.com,https://mehultelecom.com/,candidate,urllib_initial
menonbearings.in,https://menonbearings.in/,candidate,urllib_initial
menonindia.in,https://menonindia.in/,candidate,urllib_initial
mep.ltd,https://mep.ltd/,candidate,urllib_initial
mepinfra.com,https://www.mepinfra.com/,candidate,urllib_initial
mercantileventures.co.in,https://www.mercantileventures.co.in/,candidate,urllib_initial
mercurylabs.com,https://mercurylabs.com/,candidate,urllib_initial
mercurymetals.in,https://mercuryevtech.com/,candidate,urllib_initial
mercurytradelinks.co.in,https://mercurytradelinks.co.in/,candidate,urllib_initial
merritronix.com,https://www.merritronix.com/,candidate,urllib_initial
metainfotech.com,https://www.metainfotech.com/,candidate,urllib_initial
methodhub.in,https://methodhub.in/,candidate,urllib_initial
metrobrands.com,https://metrobrands.com/,candidate,urllib_initial
metrogloballimited.com,https://www.metrogloballimited.com/,candidate,urllib_initial
metropolisindia.com,https://www.metropolisindia.com/,candidate,urllib_initial
mewarhitech.com,https://www.mewarhitech.com/,candidate,urllib_initial
mewatzinc.com,https://livesgpnet.com/,candidate,urllib_initial
mf.nipponindiaim.com,https://mf.nipponindiaim.com/,candidate,urllib_initial
mfgroupco.com,https://www.mfgroupco.com/,candidate,urllib_initial
mflindia.in,http://ww16.mflindia.in/?sub1=20260927-0327-44e6-9a4e-8b318a37b2a9,candidate,urllib_initial
mgfltd.com,https://www.mgfltd.com/,candidate,urllib_initial
mic.co.in,https://mic.co.in/,candidate,urllib_initial
microproindia.com,https://www.microproindia.com/,candidate,urllib_initial
midasglitter.com,https://www.midasglitter.com/,candidate,urllib_initial
mideastportfolio.com,https://www.mideastportfolio.com/,candidate,urllib_initial
midhani-india.in,https://midhani-india.in/,candidate,urllib_initial
midindiaindustries.com,https://www.midindiaindustries.com/,candidate,urllib_initial
midwest.in,https://midwest.in/,candidate,urllib_initial
midwestenergy.in,https://midwestenergy.in/,candidate,urllib_initial
miflindia.com,https://www.miflindia.com/,candidate,urllib_initial
mihika.co.in,https://mihika.co.in/,candidate,urllib_initial
milestonegloballimited.com,https://www.milestonegloballimited.com/,candidate,proxy_curl
milestonegroup.asia,http://ww547.milestonegroup.asia/?tkn=19vnMT3S,candidate,urllib_initial
milgrey.in,http://www.milgrey.in/,candidate,urllib_initial
milgroup.in,https://www.milgroup.in/,candidate,urllib_initial
millworksindia.com,https://millworksindia.com/,candidate,urllib_initial
miltonindustries.in,https://miltonindustries.in/,candidate,urllib_initial
minaxitextiles.com,https://minaxitextiles.com/,candidate,urllib_initial
mindpooltech.com,https://www.mindpooltech.com/,candidate,urllib_initial
mindspacereit.com,https://www.mindspacereit.com/,candidate,urllib_initial
mindteck.com,https://www.mindteck.com/,candidate,urllib_initial
minidiamonds.net,https://www.minidiamonds.net/,candidate,urllib_initial
minoltafinance.co.in,https://minoltafinance.co.in/,candidate,urllib_initial
mirza.co.in,https://www.mirza.co.in/,candidate,urllib_initial
mishindia.com,https://mishindia.com/,candidate,urllib_initial
mishkaexim.com,https://www.mishkaexim.com/,candidate,urllib_initial
mishtann.com,https://mishtann.com/,candidate,urllib_initial
misquitaengg.com,https://www.misquitaengg.com/,candidate,urllib_initial
mitconindia.com,https://www.mitconindia.com/,candidate,urllib_initial
mitshi.in,https://mitshi.in/,candidate,urllib_initial
mitsuchem.com,https://www.mitsuchem.com/,candidate,urllib_initial
mittallifestyle.in,https://mittallifestyle.in/,candidate,urllib_initial
mittalsectionslimited.com,https://www.mittalsectionslimited.com/,candidate,urllib_initial
mizzendigital.com,https://mizzendigital.com/,candidate,urllib_initial
mkexim.com,https://mkexim.com/,candidate,urllib_initial
mlpl.biz,https://www.mlpl.biz/,candidate,urllib_initial
mls.com,https://www.mls.com/,candidate,urllib_initial
mmforgings.com,https://www.mmforgings.com/,candidate,urllib_initial
mmpil.com,https://mmpil.com/,candidate,urllib_initial
mmwlindia.com,https://www.mmwlindia.com/,candidate,urllib_initial
mnil.in,https://mnil.in/,candidate,urllib_initial
mobavenue.ai,https://www.mobavenue.ai/,candidate,urllib_initial
mobikwik.com,https://www.mobikwik.com/,candidate,urllib_initial
mobilise.co.in,https://www.mobilise.co.in/,candidate,urllib_initial
modellawoollens.com,https://www.modellawoollens.com/,candidate,urllib_initial
moderndairies.com,https://moderndairies.com/,candidate,urllib_initial
moderninsulators.com,https://www.moderninsulators.com/,candidate,urllib_initial
modernmalleables.com,https://www.modernmalleables.com/,candidate,urllib_initial
modernsteels.com,https://www.modernsteels.com/,candidate,urllib_initial
modernwoollens.com,https://modernwoollens.com/,candidate,urllib_initial
modinaturals.com,https://modinaturals.com/,candidate,urllib_initial
modipon.com,https://www.hugedomains.com/domain_profile.cfm?d=modipon.com,candidate,urllib_initial
modisnirman.com,https://modisnavnirman.com/,candidate,urllib_initial
modison.com,https://www.modison.com/,candidate,urllib_initial
modisteel.com,https://modisteel.com/,candidate,urllib_initial
modulex.in,https://modulex.in/,candidate,urllib_initial
mohitindustries.com,https://mohitindustries.com/,candidate,urllib_initial
mohitpaper.in,https://www.mohitpaper.in/,candidate,urllib_initial
moil.nic.in,https://www.moil.nic.in/public/home,candidate,urllib_initial
mokshornaments.com,https://www.mokshornaments.com/,candidate,urllib_initial
molbiodiagnostics.com,https://www.molbiodiagnostics.com/,candidate,urllib_initial
moldtekengineering.com,https://www.moldtekengineering.com/,candidate,urllib_initial
momsbelief.com,https://www.momsbelief.com/,candidate,urllib_initial
monarchconsultants.in,https://www.monarchltd.com/,candidate,urllib_initial
moneyboxxfinance.com,https://moneyboxxfinance.com/,candidate,urllib_initial
mongipa.com,https://www.mongipa.com/,candidate,urllib_initial
monikaalcobev.com,https://monikaalcobev.com/,candidate,urllib_initial
monnetgroup.com,http://www.monnetgroup.com/,candidate,urllib_initial
monolithisch.com,https://monolithisch.com/,candidate,urllib_initial
montecarlocorporate.com,https://www.montecarlocorporate.com/,candidate,urllib_initial
mopshop.in,https://mopshop.in/,candidate,urllib_initial
morarkafinance.in,https://www.morarkafinance.in/,candidate,urllib_initial
morepen.com,https://www.morepen.com/,candidate,urllib_initial
morganventures.in,https://www.morganventures.in/,candidate,urllib_initial
mos-world.com,https://mos-world.com/,candidate,urllib_initial
moschip.com,https://moschip.com/,candidate,urllib_initial
mosil.co,https://hokibets88.com/,candidate,urllib_initial
mothernutrifoods.com,https://www.mothernutrifoods.com/,candidate,urllib_initial
motherson.com,https://www.motherson.com/,candidate,urllib_initial
motisonsjewellers.com,https://motisonsjewellers.com/,candidate,urllib_initial
movingmedia.in,https://www.movingmedia.in/,candidate,urllib_initial
mpagroindustries.in,http://www.mpagroindustries.in/,candidate,urllib_initial
mphasis.com,https://www.mphasis.com/home.html,candidate,urllib_initial
mpilcorporation.com,https://mpilcorporation.com/,candidate,urllib_initial
mpimanipal.com,https://mpimanipal.com/,candidate,urllib_initial
mpksteels.com,https://www.mpksteels.com/,candidate,urllib_initial
mplindia.in,https://www.mplindia.in/,candidate,urllib_initial
mpslimited.com,https://www.mpslimited.com/,candidate,urllib_initial
mrcagro.com,https://www.mrcagro.com/,candidate,urllib_initial
mrftyres.com,https://www.mrftyres.com/,candidate,urllib_initial
mrgolddhall.com,https://www.mrgolddhall.com/,candidate,urllib_initial
mripl.net,https://www.mripl.net/,candidate,urllib_initial
mro-tek.com,https://www.mro-tek.com/,candidate,urllib_initial
mrpagro.com,https://www.mrpagro.com/,candidate,urllib_initial
mrtglobal.com,https://mrtglobal.com/,candidate,urllib_initial
mrugeshtrading.com,https://calidogsfoodtruck.com/,candidate,urllib_initial
msafegroup.com,https://msafegroup.com/,candidate,urllib_initial
mspsteel.com,https://www.mspsteel.com/,candidate,urllib_initial
msrindia.in,http://msrindia.in/,candidate,urllib_initial
mswil.motherson.com,https://www.mswil.motherson.com/,candidate,urllib_initial
mtar.in,https://mtar.in/,candidate,urllib_initial
mtplonline.in,https://www.mtplonline.in/,candidate,urllib_initial
mudunuru.com,https://mudunuru.ai/,candidate,urllib_initial
mukand.com,https://www.mukand.com/,candidate,urllib_initial
mukatpipes.com,https://www.mukatpipes.com/,candidate,urllib_initial
muksug.in,https://muksug.in/,candidate,urllib_initial
mukta-agriculture.com,https://www.mukta-agriculture.com/,candidate,urllib_initial
muktaarts.com,https://www.muktaarts.com/,candidate,urllib_initial
mulphico.co.in,https://mulphico.co.in/,candidate,urllib_initial
multibaseindia.com,https://www.multibaseindia.com/,candidate,urllib_initial
munishforge.com,https://munishforge.com/,candidate,urllib_initial
munjalauto.com,https://www.munjalauto.com/,candidate,urllib_initial
munjalshowa.net,https://munjalshowa.net/,candidate,urllib_initial
munoth.com,https://www.munoth.com/,candidate,urllib_initial
munothcommunication.com,https://www.munothcommunication.com/,candidate,urllib_initial
munothfinancial.com,https://www.munothfinancial.com/,candidate,urllib_initial
muskanferro.com,https://www.muskanferro.com/,candidate,urllib_initial
muthootcap.com,https://www.muthootcap.com/,candidate,urllib_initial
muthootfinance.com,https://www.muthootfinance.com/,candidate,india_proxy
muthootmicrofin.com,https://muthootmicrofin.com/,confirmed,direct
mvcotspinltd.com,https://www.mvcotspinltd.com/,candidate,urllib_initial
mvelectrosystems.com,https://www.mvelectrosystems.com/,candidate,urllib_initial
mvkagrofood.com,https://mvkagrofood.com/,candidate,urllib_initial
mycemco.com,https://www.mycemco.com/,candidate,urllib_initial
mymoneyviews.com,https://www.mymoneyviews.com/,candidate,urllib_initial
mymonteil.com,https://monteil.in,candidate,urllib_initial
mymudra.com,https://www.mymudra.com/,candidate,urllib_initial
mystic-electronics.com,https://www.mystic-electronics.com/,candidate,urllib_initial
myvi.in,https://www.myvi.in/,candidate,urllib_initial
naapbooks.com,https://www.naapbooks.com/,candidate,urllib_initial
nagadhunserigroup.com,https://www.nagadhunserigroup.com/,candidate,urllib_initial
nagarjunaagrichem.com,https://naclind.com/,candidate,urllib_initial
nagarjunaagritechlimited.com,https://nagarjunaagritechlimited.com/,candidate,urllib_initial
nagarjunafertilizers.com,https://www.nfcl.in/,candidate,urllib_initial
nagpurpowerind.com,https://www.nagpurpowerind.com/,candidate,urllib_initial
nagreeka.com,https://nagreeka.com/,candidate,urllib_initial
nakodas.com,https://nakodas.com/,candidate,urllib_initial
nalinfin.co.in,https://www.nalinfin.co.in/,candidate,urllib_initial
nalwasons.com,https://www.nalwasons.com/,candidate,urllib_initial
namoewaste.com,https://namoewaste.com/,candidate,urllib_initial
namsecurities.in,https://www.namsecurities.in/,candidate,urllib_initial
nanavatigroup.com,https://www.nanavatigroup.com/,candidate,urllib_initial
nandandenim.com,https://www.nandandenim.com/,candidate,urllib_initial
nantatech.com,https://www.nantatech.com/,candidate,urllib_initial
naperol.com,https://naperol.com/,candidate,urllib_initial
napsglobalindia.com,https://napsglobalindia.com/,candidate,urllib_initial
narendraproperties.com,https://www.narendraproperties.com/,candidate,urllib_initial
narmadaagrobase.com,https://www.narmadaagrobase.com/,candidate,urllib_initial
narmadeshbrass.com,https://www.narmadeshbrass.com/,candidate,urllib_initial
natcopharma.co.in,https://www.natcopharma.co.in/,candidate,urllib_initial
nathindustries.com,https://www.nathindustries.com/,candidate,urllib_initial
nationalfitting.com,https://www.nationalfitting.com/,candidate,urllib_initial
nationalgroup.in,https://nationalgroup.in/,candidate,urllib_initial
nationalplastic.com,https://www.nationalplastic.com/,candidate,urllib_initial
nationalplywood.net,https://zojufoods.com/,candidate,urllib_initial
natl.in,https://www.natl.in/,candidate,urllib_initial
natrajproteins.com,https://natrajproteins.com/,candidate,urllib_initial
naturalcaffeine.co.in,https://www.naturalcaffeine.co.in/,candidate,urllib_initial
naturalcapsules.com,https://www.naturalcapsules.com/,candidate,urllib_initial
naturewings.com,https://www.naturewings.com/,candidate,urllib_initial
navalimited.com,https://www.navalimited.com/,candidate,urllib_initial
naveentile.com,https://naveentile.com/,candidate,urllib_initial
navigantcorp.com,https://www.navigantcorp.com/,candidate,urllib_initial
navkarbuilders.com,https://www.navkarbuilders.com/,candidate,urllib_initial
navkarcorp.com,https://www.navkarcorp.com/,candidate,urllib_initial
navneet.com,https://navneet.com/,candidate,urllib_initial
naxparlab.com,https://naxparlab.com/,candidate,urllib_initial
naysaasecurities.com,http://www.naysaasecurities.com/,candidate,urllib_initial
nazara.com,https://www.nazara.com/,candidate,urllib_initial
nbfootwear.in,https://www.nbfootwear.in/,candidate,urllib_initial
nbi-india.co.in,https://www.nbi-india.co.in/,candidate,urllib_initial
nccbpl.com,https://nccbpl.com/,candidate,urllib_initial
ncclimited.com,https://www.ncclimited.com/,candidate,urllib_initial
nclfin.com,https://www.nclfin.com/,candidate,urllib_initial
ndaindia.com,https://www.ndaindia.com/,candidate,urllib_initial
ndrauto.com,https://ndrauto.com/,candidate,urllib_initial
ndtv.com,https://www.ndtv.com/,candidate,proxy_curl
neccgroup.com,https://www.neccgroup.com/,candidate,urllib_initial
neclife.com,https://www.neclife.com/,candidate,urllib_initial
necoindia.com,https://www.necoindia.com/,candidate,urllib_initial
neelamalaiagro.com,https://www.neelamalaiagro.com/,candidate,urllib_initial
neelamgarments.com,https://neelamgarments.com/,candidate,urllib_initial
neelrock.com,https://www.neelrock.com/,candidate,urllib_initial
neerajpaper.com,https://www.neerajpaper.com/,candidate,urllib_initial
neetuyoshi.com,https://www.neetuyoshi.com/,candidate,urllib_initial
neil.co.in,https://www.neil.co.in/,candidate,urllib_initial
nelcast.com,https://nelcast.com/,candidate,urllib_initial
nelco.in,https://www.nelco.in/,candidate,urllib_initial
neochem.in,https://www.neochem.in/,candidate,urllib_initial
neogenchem.com,https://neogenchem.com/,candidate,urllib_initial
neopolitanpizza.in,https://www.neopolitanpizza.in/,candidate,urllib_initial
nephrocareindia.com,https://www.nephrocareindia.com/,candidate,urllib_initial
nephroplus.com,https://nephroplus.com/,candidate,urllib_initial
neptunelogitek.com,https://www.neptunelogitek.com/,candidate,urllib_initial
neptunepetrochemicals.com,https://www.neptunepetrochemicals.com/,candidate,urllib_initial
nerolac.com,https://www.nerolac.com/,candidate,urllib_initial
nesco.in,https://www.nesco.in/,candidate,urllib_initial
nestle.in,https://www.nestle.in/,confirmed,direct_noverify
nettlinx.org,http://www.nettlinx.org/,candidate,urllib_initial
netwebindia.com,https://www.netwebindia.com/,candidate,urllib_initial
neueon.in,https://www.neueon.in/,candidate,urllib_initial
neulandlabs.com,https://www.neulandlabs.com/en,candidate,urllib_initial
new.abb.com,https://www.abb.com/global/en,candidate,urllib_initial
newgensoft.com,https://newgensoft.com/,candidate,urllib_initial
newindia.co.in,https://www.newindia.co.in/,candidate,urllib_initial
newjaisa.com,https://newjaisa.com/,candidate,urllib_initial
newkrishna.com,https://newkrishna.com/,candidate,urllib_initial
newlightapparels.com,https://newlightindustries.com/,candidate,urllib_initial
newtimeinfra.in,https://www.newtimeinfra.in/,candidate,urllib_initial
nexomecap.com,https://www.nexomecap.com/,candidate,urllib_initial
nextmediaworks.com,https://www.nextmediaworks.com/,candidate,urllib_initial
nexusmed.co.in,https://nexusmed.co.in/,candidate,urllib_initial
nexusselecttrust.com,https://www.nexusselecttrust.com/,candidate,urllib_initial
ngel.in,https://ngel.in/ngel-home,candidate,urllib_initial
ngind.com,https://ngind.com/,candidate,urllib_initial
nglfinechem.com,https://www.nglfinechem.com/,candidate,urllib_initial
nhcgroup.com,https://www.nhcgroup.com/,candidate,urllib_initial
nhit.co.in,https://nhit.co.in/,candidate,urllib_initial
nhpcindia.com,https://www.nhpcindia.com/,candidate,urllib_initial
nibelimited.com,https://www.nibelimited.com/,candidate,urllib_initial
niccoparks.com,https://www.niccoparks.com/,candidate,urllib_initial
nidanhealthcare.co.in,http://www.nidanhealthcare.co.in/,candidate,urllib_initial
nidhigranites.com,https://nidhigranites.com/,candidate,urllib_initial
niit.com,https://www.niit.ai/india,candidate,urllib_initial
niitmts.com,https://www.niit.com:443/en/learning-outsourcing/,candidate,urllib_initial
nikitapapers.com,https://www.nikitagreentechrecycling.com/,candidate,urllib_initial
nikkiglobal.com,https://nikkiglobal.com/,candidate,urllib_initial
nilachal.in,http://www.nilachal.in/,candidate,urllib_initial
nilachalcoke.com,https://nilachalcoke.com/,candidate,urllib_initial
nilainfra.com,https://www.nilainfra.com/,candidate,urllib_initial
nilaspaces.com,https://nilaspaces.com/,candidate,urllib_initial
nilelimited.com,https://www.nilelimited.com/,candidate,urllib_initial
nilkamal.com,https://nilkamal.com/,candidate,urllib_initial
nimbusgroup.net,https://nimbusgroup.net/,candidate,urllib_initial
nintecsystems.com,https://www.nintecsystems.com/,candidate,urllib_initial
nipl.co,https://www.nipl.co/,candidate,urllib_initial
nippo.in,https://www.nippo.in/,candidate,urllib_initial
niraj.co.in,https://niraj.co.in/,candidate,urllib_initial
nirajispat.in,https://www.nirajispat.in/,candidate,urllib_initial
nirlonltd.com,https://www.nirlonltd.com/,candidate,urllib_initial
nirmanagrigen.com,https://www.nirmanagrigen.com/,candidate,urllib_initial
nirmiteerobotics.com,https://www.nirmiteerobotics.com/,candidate,urllib_initial
nis.co.in,https://www.nis.co.in/,candidate,urllib_initial
nisusfin.com,https://nisusfin.com/,candidate,urllib_initial
nitco.in,https://www.nitco.in/,candidate,urllib_initial
nitincastings.com,https://www.nitincastings.com/,candidate,urllib_initial
nitinspinners.com,https://nitinspinners.com/,candidate,urllib_initial
nitiraj.net,https://www.nitiraj.net/,candidate,urllib_initial
nivabupa.com,https://www.nivabupa.com/,candidate,urllib_initial
niveditaindia.com,https://niveditaindia.com/,candidate,urllib_initial
niyogin.com,https://www.niyogin.com/,candidate,urllib_initial
nkindustriesltd.com,https://www.nkindustriesltd.com/,candidate,urllib_initial
nmdc.co.in,https://www.nmdc.co.in/,candidate,urllib_initial
nmsresourcesglobal.com,https://magic138.org/,candidate,urllib_initial
noblepolymers.in,https://www.noblepolymers.in/,candidate,urllib_initial
nocil.com,https://www.nocil.com/,candidate,urllib_initial
nolgroup.com,https://www.nolgroup.com/,candidate,urllib_initial
norbentea.com,https://www.norbentea.com/,candidate,urllib_initial
norrispharma.com,https://www.norrispharma.com/,candidate,urllib_initial
northernarc.com,https://www.northernarc.com/,candidate,urllib_initial
northernspirits.co.in,https://northernspirits.co.in/,candidate,urllib_initial
nouveauglobal.com,https://www.nouveauglobal.com/,candidate,urllib_initial
novaagri.in,https://novaagri.in/,candidate,urllib_initial
novaironsteel.com,http://www.novaironsteel.com/,candidate,urllib_initial
novartis.in,https://www.novartis.com/in-en/,candidate,urllib_initial
novateor.com,https://novateor.com/,candidate,urllib_initial
novus-loyalty.com,https://www.novus-loyalty.com/,candidate,urllib_initial
nprfinance.com,https://nprfinance.com/,candidate,urllib_initial
npstx.com,https://www.npstx.com/,candidate,urllib_initial
nrail.com,https://www.nrail.com/,candidate,urllib_initial
nrbbearings.com,https://nrbbearings.com/,candidate,urllib_initial
nrbindustrialbearings.com,https://nrbindustrialbearings.com/,candidate,urllib_initial
nsbbpo.com,https://www.nsbbpo.com/,candidate,urllib_initial
nsil.net.in,http://www.nsil.net.in/,candidate,urllib_initial
ntbcl.com,https://www.ntbcl.com/,candidate,urllib_initial
ntcind.com,https://ntcind.com/,candidate,urllib_initial
ntpc.co.in,https://ntpc.co.in/,candidate,urllib_initial
nucleussoftware.com,https://www.nucleussoftware.com/,candidate,urllib_initial
nukleus.work,https://www.nukleus.work/,candidate,urllib_initial
nupurrecyclers.com,https://www.nupurrecyclers.com/,candidate,urllib_initial
nureca.com,https://www.nureca.com/,candidate,urllib_initial
nutechglobal.com,https://www.nutechglobal.com/,candidate,urllib_initial
nutricircle.in,https://www.nutricircle.in/,candidate,urllib_initial
nuvama.com,https://www.nuvama.com/,candidate,urllib_initial
nuvoco.com,https://www.nuvoco.com/,candidate,urllib_initial
nventures.co.in,http://www.nventures.co.in/,candidate,urllib_initial
nxtbloc.in,https://bigbloc.in,candidate,urllib_initial
nykaa.com,https://www.nykaa.com/,candidate,proxy_curl
nyssacorporationltd.com,https://www.nyssacorporationltd.com/,candidate,urllib_initial
obclimited.com,https://www.obclimited.com/,candidate,urllib_initial
oberoirealty.com,https://www.oberoirealty.com/,candidate,urllib_initial
objectinfo.com,https://www.objectinfo.com/,candidate,urllib_initial
obl.org.in,https://www.obl.org.in/,candidate,urllib_initial
obscperfection.com,https://www.obscperfection.com/,candidate,urllib_initial
occlindia.com,https://www.occlindia.com/,candidate,urllib_initial
oceanicfoods.com,https://www.oceanicfoods.com/,candidate,urllib_initial
octaviusplantations.com,https://octaviusplantations.com/,candidate,urllib_initial
octaware.com,https://octaware.com/,candidate,urllib_initial
octlindia.com,https://www.octlindia.com/,candidate,urllib_initial
odigma.ooo,https://www.odigma.ooo/,candidate,urllib_initial
odysseytec.com,https://www.odysseytec.com/,candidate,urllib_initial
ofcoursegroup.com,https://www.ofcoursegroup.com/,candidate,urllib_initial
oil-india.com,https://www.oil-india.com/,candidate,urllib_initial
okplay.in,https://okplay.in/,candidate,urllib_initial
olaelectric.com,https://www.olaelectric.com/,candidate,urllib_initial
olatechs.com,https://www.olatechs.com/,candidate,urllib_initial
olectra.com,https://www.olectra.com/,candidate,urllib_initial
olympiaindustriesltd.com,https://www.olympiaindustriesltd.com/,candidate,urllib_initial
olympicoil.co.in,http://www.olympicoil.co.in/,candidate,urllib_initial
omanshenterprises.in,https://omanshenterprises.in/,candidate,urllib_initial
omaxauto.com,https://www.omaxauto.com/,candidate,urllib_initial
omaxe.com,https://www.omaxe.com/,candidate,urllib_initial
omfreight.com,https://omfreight.com/,candidate,urllib_initial
omfurnindia.com,https://www.omfurnindia.com/,candidate,urllib_initial
ommetallogic.com,https://www.ommetallogic.com/,candidate,urllib_initial
ommetals.com,https://www.ominfra.ltd/web,candidate,urllib_initial
ommpl.com,https://www.ommpl.com/,candidate,urllib_initial
omniaxs.com,https://www.omniaxs.com/,candidate,urllib_initial
omnitecheng.com,https://omnitecheng.com/,candidate,urllib_initial
omnitex.com,https://www.omnitex.com/,candidate,urllib_initial
ompowertransmission.com,https://ompowertransmission.com/,candidate,urllib_initial
ondoor.com,https://www.ondoor.com/,candidate,urllib_initial
oneindig.tech,https://oneindig.tech/,candidate,urllib_initial
onelifecapital.in,http://www.onelifecapital.in/,candidate,urllib_initial
onemi.in,https://www.onemi.in/,candidate,urllib_initial
onesourcecdmo.com,https://www.onesourcecdmo.com/,candidate,urllib_initial
onida.com,https://onida.com/,candidate,urllib_initial
onixsolarenergy.com,https://www.onixsolarenergy.com/,candidate,urllib_initial
onticfinserve.com,https://www.onticfinserve.com/,candidate,urllib_initial
onwardgroup.com,https://www.onwardgroup.com/,candidate,urllib_initial
onyxbiotec.com,https://www.onyxbiotec.com/,candidate,urllib_initial
opchainsltd.com,https://www.opchainsltd.com/,candidate,urllib_initial
optiemus.com,https://www.optiemus.com/,candidate,urllib_initial
optivaluetek.com,https://www.optivaluetek.com/,candidate,urllib_initial
oracle.com,https://www.oracle.com/,confirmed,direct_noverify
orbitexports.com,https://orbitexports.com/,candidate,urllib_initial
orchasp.com,https://orchasp.com/,candidate,urllib_initial
orchidpharma.com,https://www.orchidpharma.com/,candidate,urllib_initial
organic-coatings.com,https://www.organiccoatingsltd.com,candidate,urllib_initial
organicrecycling.co.in,https://organicrecycling.co.in/,candidate,urllib_initial
orianapower.com,https://orianapower.com/,candidate,urllib_initial
oriconenterprises.com,https://www.oriconenterprises.com/,candidate,urllib_initial
orientabrasives.com,https://www.orientceratech.com/,candidate,urllib_initial
orientalhotels.co.in,https://orientalhotels.co.in/,candidate,urllib_initial
orientalrail.com,https://www.orientalrail.com/,candidate,urllib_initial
orientaltrimex.com,https://www.orientaltrimex.com/,candidate,india_proxy
orientbell.com,https://www.orientbell.com/,candidate,urllib_initial
orientcement.com,https://orientcement.com/,candidate,urllib_initial
orientelectric.com,https://orientelectric.com/,candidate,urllib_initial
orientgreenpower.com,https://www.orientgreenpower.com/,candidate,urllib_initial
orientindia.in,https://www.orientindia.in/,candidate,urllib_initial
orientpaperindia.com,https://www.orientpaperindia.com/,candidate,urllib_initial
orientpressltd.com,https://www.orientpressltd.com/,candidate,urllib_initial
orklaindia.com,https://www.orklaindia.com/,candidate,urllib_initial
orosil.com,https://orosil.com/,candidate,urllib_initial
ortelcom.com,https://ortelcom.com/,candidate,urllib_initial
oscarglobal.com,https://www.oscarglobal.com/,candidate,urllib_initial
oseldevices.com,https://oseldevices.com/,candidate,urllib_initial
osiahypermart.com,https://www.osiahypermart.com/,candidate,urllib_initial
osiajeehdl.com,https://www.osiajeehdl.com/,candidate,urllib_initial
osivl.com,https://osivl.com/,candidate,urllib_initial
oswalagromills.com,https://www.oswalagromills.com/,candidate,urllib_initial
oswalgreens.com,https://www.oswalgreens.com/,candidate,urllib_initial
oswalgroup.com,https://www.oswalgroup.com/,candidate,urllib_initial
oswalpumps.com,https://oswalpumps.com/,candidate,urllib_initial
oswalseeds.com,https://www.oswalseeds.com/,candidate,urllib_initial
ovalprojects.com,https://ovalprojects.com/,candidate,urllib_initial
ovobelfoods.com,https://www.ovobelfoods.com/,candidate,urllib_initial
owmnahar.com,https://www.owmnahar.com/,candidate,urllib_initial
oxford-industries.com,https://oxford-industries.com/,candidate,urllib_initial
oxygentapharma.com,https://oxygentapharma.com/,candidate,urllib_initial
pacevltd.com,https://www.pacevltd.com/,candidate,urllib_initial
pacificindustriesltd.com,https://www.pacificindustriesltd.com/,candidate,urllib_initial
padamcotton.com,https://www.padamcotton.com/,candidate,urllib_initial
padmalayatelefilms.com,https://www.padmalayatelefilms.com/,candidate,urllib_initial
padmanabh.in,https://www.padmanabh.in/,candidate,urllib_initial
paeltd.com,https://www.paeltd.com/,candidate,urllib_initial
pagariaenergy.com,https://www.pagariaenergy.com/,candidate,urllib_initial
pageind.com,https://pageind.com/,candidate,urllib_initial
paisalo.in,https://paisalo.in/,candidate,urllib_initial
pajsonagro.com,https://pajsonagro.com/,candidate,urllib_initial
pakka.com,https://pakka.com/,candidate,urllib_initial
palashsec.com,https://www.birla-sugar.com/Our-Companies/About-Us-PALASH-SECURITIES-LIMITED,candidate,urllib_initial
palcometals.com,https://palcometals.com/,candidate,urllib_initial
palmjewels.com,https://www.hugedomains.com/domain_profile.cfm?d=palmjewels.com,candidate,urllib_initial
palred.com,https://palred.com/,candidate,urllib_initial
palucktechno.com,https://palucktechno.com/,candidate,urllib_initial
panabyte.com,https://panabyte.com/,candidate,urllib_initial
panaceabiotec.com,https://www.panaceabiotec.com/,candidate,urllib_initial
panaficindustrialsltd.com,https://panaficindustrialsltd.com/,candidate,urllib_initial
panamapetro.com,https://panamapetro.com/,candidate,urllib_initial
panhr.in,https://www.panhr.in/,candidate,urllib_initial
panindiacorp.com,https://www.panindiacorp.com/,candidate,urllib_initial
panjon.in,https://www.panjon.in/,candidate,urllib_initial
pankajpolymers.com,https://www.pankajpolymers.com/,candidate,urllib_initial
panoramastudios.in,https://panoramastudios.in/,candidate,urllib_initial
pansaridevelopers.com,https://www.pansaridevelopers.com/,candidate,urllib_initial
panyamcements.com,https://www.panyamcements.com/,candidate,urllib_initial
paradeepparivahan.com,https://www.paradeepparivahan.com/,candidate,urllib_initial
paradeepphosphates.com,https://www.paradeepphosphates.com/,candidate,urllib_initial
paragmilkfoods.com,https://www.paragmilkfoods.com/,candidate,urllib_initial
paragonind.com,https://www.paragonind.com/,candidate,urllib_initial
paramatrix.com,https://www.paramatrix.com/,candidate,urllib_initial
parammount.com,https://parammount.com/,candidate,urllib_initial
paramountcables.com,https://www.paramountcables.com/,candidate,urllib_initial
paramountdyetec.com,https://www.paramountdyetec.com/,candidate,urllib_initial
paramountforge.com,https://paramountforge.com/,candidate,urllib_initial
parasdefence.com,https://parasdefence.com/,candidate,urllib_initial
pardrugs.com,https://www.pardrugs.com/,candidate,urllib_initial
parinfurniture.com,https://parinfurniture.com/,candidate,urllib_initial
parkhospital.in,https://www.parkhospital.in/,candidate,urllib_initial
parlesoftwares.com,https://parlesoftwares.com/,candidate,urllib_initial
parmaxpharma.com,https://www.parmaxpharma.com/,candidate,urllib_initial
parmeshwarmetal.com,https://www.parmeshwarmetal.com/,candidate,urllib_initial
parshartiinvestment.com,https://www.aim-ic.org/,candidate,urllib_initial
parshvaenterprises.co.in,http://www.parshvaenterprises.co.in/,candidate,urllib_initial
parshwanath.co.in,https://www.parshwanath.co.in/,candidate,urllib_initial
parsvnath.com,https://www.parsvnath.com/,candidate,urllib_initial
parthelectricals.in,https://parthelectricals.in/,candidate,urllib_initial
partycruisersindia.com,https://www.partycruisersindia.com/,candidate,urllib_initial
pasari.com,http://www.pasari.com/,candidate,urllib_initial
pasupatiacrylon.com,https://pasupatiacrylon.com/,candidate,urllib_initial
pasupatifincap.com,https://pasupatifincap.com/,candidate,urllib_initial
pasupatitextiles.com,https://pasupatitextiles.com/,candidate,urllib_initial
patanjalifoods.com,https://www.patanjalifoods.com/,candidate,urllib_initial
patel-india.com,https://www.patel-india.com/,candidate,urllib_initial
patelairtemp.com,https://patelsairtemp.com,candidate,urllib_initial
patelchem.com,https://www.patelchem.com/,candidate,urllib_initial
pateleng.com,https://www.pateleng.com/,candidate,urllib_initial
patelrpl.in,https://patelrpl.in/,candidate,urllib_initial
patilautomation.com,https://patilautomation.com/,candidate,urllib_initial
patronexim.com,https://patronexim.com/,candidate,urllib_initial
patspin.com,https://patspin.com/,candidate,urllib_initial
paulmerchants.net,https://www.paulmerchants.net/,candidate,urllib_initial
paushak.com,https://www.paushak.com/,candidate,urllib_initial
pavna.in,https://www.pavna.in/,candidate,urllib_initial
paytm.com,https://paytm.com/,candidate,urllib_initial
pbainfra.com,https://pbainfra.com/,candidate,urllib_initial
pbfintech.in,https://www.pbfintech.in/,candidate,urllib_initial
pbmpolytex.com,https://www.pbmpolytex.com/,candidate,urllib_initial
pcalindia.com,https://www.pcalindia.com/,candidate,urllib_initial
pccl.in,https://pccl.in/,candidate,urllib_initial
pcdiagnostics.in,https://www.pcdiagnostics.in/,candidate,urllib_initial
pcjeweller.com,https://www.pcjeweller.com/,candidate,urllib_initial
pclindia.in,https://pclindia.in/,candidate,urllib_initial
pcstech.com,https://www.pcstech.com/,candidate,urllib_initial
pdoil.co.in,https://pdoil.co.in/,candidate,urllib_initial
pdpprojects.com,https://www.pdpprojects.com/,candidate,urllib_initial
pdsltd.com,https://pdsltd.com/,candidate,urllib_initial
pearlglobal.com,https://www.pearlglobal.com/,candidate,urllib_initial
pearlgreenclubsresort.com,https://www.pearlgreenclubsresort.com/,candidate,urllib_initial
pearlpet.com,https://pearlpet.com/,candidate,urllib_initial
pecospub.com,https://pecospub.com/,candidate,urllib_initial
pel-india.com,https://pel-india.in/,candidate,urllib_initial
pelatro.com,https://pelatro.com/,candidate,urllib_initial
pelgel.com,https://www.pelgel.com/,candidate,urllib_initial
pelhakoba.com,https://www.pelhakoba.com/,candidate,urllib_initial
peninsula.co.in,https://www.peninsulaland.in/,candidate,urllib_initial
pennarindia.com,https://www.pennarindia.com/,candidate,urllib_initial
pentokey.com,http://www.pentokey.com/,candidate,urllib_initial
perfectoctave.com,https://www.perfectoctave.com/,candidate,urllib_initial
perfectpac.com,https://perfectpac.com/,candidate,urllib_initial
periatea.com,https://www.periatea.com/,candidate,urllib_initial
persistent.com,https://www.persistent.com/,candidate,urllib_initial
petronetlng.in,https://petronetlng.in/,candidate,urllib_initial
pfcindia.com,https://www.pfcindia.co.in/,candidate,urllib_initial
pfizerindia.com,https://www.pfizerltd.co.in/,candidate,urllib_initial
pflinfotech.in,https://pflinfotech.in/,candidate,urllib_initial
pg.com,https://us.pg.com/,candidate,urllib_initial
pgel.in,https://pgel.in/,candidate,urllib_initial
pgfoils.com,https://www.pgfoils.com/,candidate,urllib_initial
pghealthindia.com,https://www.pghealthindia.com/,candidate,urllib_initial
pgil.com,https://www.pgil.com/,candidate,urllib_initial
pginvit.in,https://www.pginvit.in/,candidate,urllib_initial
phaarmasia.in,https://phaarmasia.in/,candidate,urllib_initial
phantomfx.com,https://phantomfx.com/,candidate,urllib_initial
pharmaids.com,https://www.pharmaids.com/,candidate,urllib_initial
phoenixindia.com,https://www.phoenixindia.com/,candidate,urllib_initial
phosphate.co.in,http://www.phosphate.co.in/,candidate,urllib_initial
photoquip.com,https://photoquip.com/,candidate,urllib_initial
phychem.com,https://www.phychem.com/,candidate,urllib_initial
phytochemindia.com,https://www.phytochemindia.com/,candidate,urllib_initial
picagro.com,https://www.piccadily.com/investor-relations,candidate,urllib_initial
picturepoststudio.com,https://www.picturepoststudio.com/,candidate,urllib_initial
pidilite.com,https://www.pidilite.com/,candidate,urllib_initial
piindustries.com,https://www.piindustries.com/,candidate,urllib_initial
pilaniinvestment.com,https://www.pilaniinvestment.com/,candidate,urllib_initial
pinc.co.in,https://www.pinc.co.in/,candidate,urllib_initial
pinelabs.com,https://www.pinelabs.com/,candidate,india_proxy
pioneeragro.co.in,https://www.pioneeragro.co.in/,candidate,urllib_initial
piotexindustries.com,https://piotexindustries.com/,candidate,urllib_initial
piramal.com,https://www.piramal.com/,candidate,urllib_initial
piramalfinance.com,https://www.piramalfinance.com/,candidate,urllib_initial
pitti.in,https://www.pitti.in/,candidate,urllib_initial
pixtrans.com,https://www.pixtrans.com/,candidate,urllib_initial
pkrgroup.in,https://pkrgroup.in/,candidate,urllib_initial
pladainfotech.com,https://pladainfotech.com/,candidate,urllib_initial
planterspolysacks.com,https://www.planterspolysacks.com/,candidate,urllib_initial
plastiblends.com,https://www.plastiblends.com/,candidate,urllib_initial
platinumindustriesltd.com,https://platinumindustriesltd.com/,candidate,urllib_initial
platinumone.in,https://www.platinumone.in/,candidate,urllib_initial
pmlindia.com,https://www.pmlindia.com/,candidate,urllib_initial
pnbgilts.com,https://www.pnbgilts.com/,candidate,urllib_initial
pnbindia.in,https://pnb.bank.in/,candidate,urllib_initial
pncinfratech.com,https://www.pncinfratech.com/,candidate,urllib_initial
pngjewellers.com,https://www.pngjewellers.com/,candidate,urllib_initial
pocl.co.in,https://pocl.com/,candidate,urllib_initial
poddarpigmentsltd.com,https://www.poddarpigmentsltd.com/,candidate,urllib_initial
poel.in,https://poel.in/,candidate,urllib_initial
pokarna.com,https://www.pokarna.com/,candidate,urllib_initial
polsonltd.com,http://www.polsonltd.com/,candidate,urllib_initial
polycab.com,https://polycab.com/,candidate,urllib_initial
polychemltd.com,http://www.polychemltd.com/,candidate,urllib_initial
polylinkpolymers.com,https://www.polylinkpolymers.com/,candidate,urllib_initial
polymacthermoformers.com,https://www.polymacthermoformers.com/,candidate,urllib_initial
polymechplast.com,https://www.polymechplast.com/,candidate,urllib_initial
polymedicure.com,https://www.polymedicure.com/,candidate,urllib_initial
polyplex.com,https://www.polyplex.com/,candidate,urllib_initial
polysilirrigation.com,https://polysilirrigation.com/,candidate,urllib_initial
polyspin.org,http://www.polyspin.org/,candidate,urllib_initial
polytexindia.com,https://www.polytexindia.com/,candidate,urllib_initial
polywood.org,https://www.polywood.org/,candidate,urllib_initial
ponnisugars.com,https://www.ponnisugars.com/,candidate,urllib_initial
poojaaprecisionengg.in,https://www.poojaaprecisionengg.in/,candidate,urllib_initial
poojametal.com,https://www.poojametal.com/,candidate,urllib_initial
poonawallafincorp.com,https://poonawallafincorp.com/,confirmed,direct
popularmaruti.com,https://popularmaruti.com/,candidate,urllib_initial
porwalauto.com,https://www.porwalauto.com/,candidate,urllib_initial
power-instrumentation.grouppower.org,https://grouppower.org/,candidate,urllib_initial
powermechprojects.com,https://powermechprojects.com/,candidate,urllib_initial
ppapco.in,https://www.ppapco.in/,candidate,urllib_initial
ppdcl.com,http://www.ppdcl.com/,candidate,urllib_initial
pptinvestment.com,https://www.pptinvestment.com/,candidate,urllib_initial
prabhaenergy.com,https://prabhaenergy.com/,candidate,urllib_initial
pradeepmetals.com,https://www.pradeepmetals.com/,candidate,urllib_initial
pradeshtoday.com,https://pradeshtoday.com/,candidate,urllib_initial
pragbosimi.com,http://www.pragbosimi.com/,candidate,urllib_initial
praj.net,https://www.praj.net/,candidate,urllib_initial
prajayengineers.com,https://www.prajayengineers.com/,candidate,urllib_initial
prakash.com,http://www.prakash.com/,candidate,urllib_initial
prakashconstro.com,https://www.prakashconstro.com/,candidate,urllib_initial
prakashplastics.in,https://prakashplastics.in/,candidate,urllib_initial
prakashsteelage.com,https://www.prakashsteelage.com/,candidate,urllib_initial
prakashwoollen.com,https://prakashwoollen.com/,candidate,urllib_initial
pramara.com,https://pramara.com/,candidate,urllib_initial
pranavconstructions.com,https://www.pranavconstructions.com/,candidate,urllib_initial
pranikgroup.com,https://pranikgroup.com/,candidate,urllib_initial
praruh.in,https://praruh.in/,candidate,urllib_initial
prashantindia.info,https://www.prashantindia.info/,candidate,urllib_initial
prasolchem.com,https://www.prasolchem.com/,candidate,urllib_initial
prathamepc.com,https://www.prathamepc.com/,candidate,urllib_initial
precot.com,https://precot.com/,candidate,urllib_initial
premcoglobal.com,https://www.premcoglobal.com/,candidate,urllib_initial
premier.co.in,http://www.premier.co.in/,candidate,urllib_initial
premiercapitalservices.in,https://www.premiercapitalservices.in/,candidate,urllib_initial
premierenergies.com,https://www.premierenergies.com/,candidate,urllib_initial
premierenergy.in,https://premierenergy.in/,candidate,urllib_initial
premierpoly.com,https://www.premierpoly.com/,candidate,urllib_initial
premiersyntheticsltd.com,https://www.premiersyntheticsltd.com/,candidate,urllib_initial
premiumplast.in,https://premiumplast.in/,candidate,urllib_initial
presstonic.com,https://www.presstonic.com/,candidate,urllib_initial
prestigeconstructions.com,https://www.prestigeconstructions.com/,confirmed,direct_noverify
prevestdenpro.com,https://www.prevestdenpro.com/,candidate,urllib_initial
pricol.com,https://pricol.com/,candidate,urllib_initial
prima.net.in,https://www.prima.net.in/,candidate,urllib_initial
primaagro.in,https://primaagro.in/home/,candidate,urllib_initial
primainnovation.in,https://primainnovation.in/,candidate,urllib_initial
primaplastics.com,https://primaplastics.com/,candidate,urllib_initial
primecabindia.com,https://www.primecabindia.com/,candidate,urllib_initial
primecapitalmarket.com,https://www.primecapitalmarket.com/,candidate,urllib_initial
primecustomer.co.in,http://www.primecustomer.co.in/,candidate,urllib_initial
primefocus.com,https://www.primefocus.com/,candidate,urllib_initial
primeindustrieslimited.com,https://primeindustrieslimited.in/,candidate,urllib_initial
primesec.com,https://primesec.com/,candidate,urllib_initial
princepipes.com,https://www.princepipes.com/,candidate,urllib_initial
priorityjewels.in,https://priorityjewels.in/,candidate,urllib_initial
prismcement.com,https://www.prismcement.com/,candidate,urllib_initial
prithvifx.com,https://prithvifx.com/,candidate,urllib_initial
pritiinternational.com,https://pritiinternational.com/,candidate,urllib_initial
pritikaautoindustries.com,https://www.pritikaautoindustries.com/,candidate,urllib_initial
pritikaengineering.com,https://www.pritikaengineering.com/,candidate,urllib_initial
pritishnandycom.com,https://www.pritishnandycom.com/,candidate,urllib_initial
privi.com,https://privi.com/,candidate,urllib_initial
prizor.in,https://prizor.in/,candidate,urllib_initial
prlindia.com,https://www.prlindia.com/,candidate,urllib_initial
prodocssolution.com,https://prodocssolution.com/,candidate,urllib_initial
profincapital.com,https://www.profincapital.com/,candidate,urllib_initial
profx.com,https://profx.com/,candidate,urllib_initial
progressivecorp.net,https://www.progressivecorp.net/,candidate,urllib_initial
prolifeindustries.in,http://www.prolifeindustries.in/,candidate,urllib_initial
promactplastics.com,https://www.promactplastics.com/,candidate,urllib_initial
promax.co.in,https://www.promax.co.in/,candidate,urllib_initial
propequity.in,https://www.propequity.in/,candidate,urllib_initial
propertyshare.in,https://www.propertyshare.in/,candidate,urllib_initial
prospectcommodities.com,http://www.prospectcommodities.com/,candidate,urllib_initial
prostarm.com,https://prostarm.com/,candidate,urllib_initial
proteantech.in,https://www.proteantech.in/,candidate,urllib_initial
proventusagro.com,https://www.proventusagro.com/,candidate,urllib_initial
provestment.net,http://www.provestment.net/,candidate,urllib_initial
prudentcorporate.com,https://www.prudentcorporate.com/,candidate,urllib_initial
psailpatran.com,https://www.psailpatran.com/,candidate,urllib_initial
psbindia.com,https://ggsieye.in/,candidate,urllib_initial
pspprojects.com,https://www.pspprojects.com/,candidate,urllib_initial
pssrgroup.com,https://pssrgroup.com/,candidate,urllib_initial
ptcfinancial.com,https://www.ptcfinancial.com/,candidate,urllib_initial
ptcil.com,https://www.ptcil.com/,candidate,urllib_initial
ptlenterprise.com,https://www.ptlenterprise.com/,candidate,urllib_initial
ptlonline.com,https://ptlonline.com/,candidate,urllib_initial
pudumjee.com,https://pudumjee.com/,candidate,urllib_initial
pulz.co.in,https://www.pulz.co.in/,candidate,urllib_initial
puncom.com,https://puncom.com/,candidate,urllib_initial
punjabalkalies.com,https://primochemicals.in/,candidate,urllib_initial
punjabchemicals.com,https://www.punjabchemicals.com/,candidate,urllib_initial
punjabiangithi.in,https://punjabiangithi.in/,candidate,urllib_initial
puravankara.com,https://www.puravankara.com/,candidate,urllib_initial
puregiftcarat.com,https://www.puregiftcarat.com/,candidate,urllib_initial
purohitconstruction.com,https://www.purohitconstruction.com/,candidate,urllib_initial
purplefinance.in,https://www.purplefinance.in/,candidate,urllib_initial
purplestylelabs.com,https://www.purplestylelabs.com/,candidate,urllib_initial
purpleunited.in,https://purpleunited.com/,candidate,urllib_initial
purplewave.in,https://www.purplewave.in/,candidate,urllib_initial
purshottaminvestofin.in,https://www.purshottaminvestofin.in/,candidate,urllib_initial
purvflexipack.in,https://purvgroup.in/purv-flexipack-limited/,candidate,urllib_initial
pushpajeweller.com,https://pushpajeweller.com/,candidate,urllib_initial
pvpglobal.com,https://www.pvpglobal.com/,candidate,urllib_initial
pvrcinemas.com,https://www.pvrcinemas.com/,candidate,india_proxy
pvvinfra.com,https://pvvinfra.com/,candidate,urllib_initial
pw.live,https://www.pw.live/,candidate,urllib_initial
pyramidtechnoplast.com,https://pyramidtechnoplast.com/,candidate,urllib_initial
qgofinance.com,https://qgofinance.com/,candidate,urllib_initial
qil.in,https://daaz.com/lander/?name=qil.in,candidate,urllib_initial
qlinebiotech.com,https://www.qlinebiotech.com/,candidate,urllib_initial
qmsmas.com,https://qmsmas.com/,candidate,urllib_initial
qtfoods.in,https://www.qtfoods.in/,candidate,urllib_initial
quadpro.co.in,https://www.quadpro.co.in/,candidate,urllib_initial
quadrantfuturetek.com,https://www.quadrantfuturetek.com/,candidate,urllib_initial
qualiteklab.com,https://www.qualiteklab.com/,candidate,urllib_initial
qualitygroup.in,https://www.qualitygroup.in/,candidate,urllib_initial
qualityro.in,https://qualityro.in/,candidate,urllib_initial
quesscorp.com,https://www.quesscorp.com/,candidate,urllib_initial
questflowcontrols.com,https://questflowcontrols.com/,candidate,urllib_initial
questlabltd.com,https://www.questlabltd.com/,candidate,urllib_initial
questsoftech.co.in,http://www.questsoftech.co.in/,candidate,urllib_initial
quickheal.com,https://www.quickheal.com/,candidate,urllib_initial
quicktouch.co.in,https://www.quicktouch.co.in/,candidate,urllib_initial
qvcgroup.com,https://qvcgroup.com/,candidate,urllib_initial
raajmedisafeindia.com,https://www.raajmedisafeindia.com/,candidate,urllib_initial
raas.co.in,https://www.raas.co.in/,candidate,urllib_initial
raceecochain.com,https://raceecochain.com/,candidate,urllib_initial
rachanainfra.com,https://rachanainfra.com/,candidate,urllib_initial
rachitprints.co.in,https://rachitprints.co.in/,candidate,urllib_initial
racksandrollers.com,https://racksandrollers.com/,candidate,urllib_initial
raclgeartech.com,https://www.raclgeartech.com/,candidate,urllib_initial
radaan.tv,https://radaan.tv/,candidate,urllib_initial
radhagobindcommercial.com,https://www.radhagobindcommercial.com/,candidate,urllib_initial
radhedevelopers.com,https://www.radhedevelopers.com/,candidate,urllib_initial
radhikajeweltech.com,https://www.radhikajeweltech.com/,candidate,urllib_initial
radiantcashservices.com,https://www.radiantcashservices.com/,candidate,urllib_initial
radicokhaitan.com,https://radicokhaitan.com/,candidate,urllib_initial
radiowalla.in,https://www.radiowalla.in/,candidate,urllib_initial
radixindustries.in,https://radixindustries.in/,candidate,urllib_initial
raghuvir.com,https://www.raghuvir.com/,candidate,urllib_initial
rain-industries.com,https://www.rain-industries.com/,candidate,urllib_initial
rainbowfoundations.in,http://www.rainbowfoundations.in/,candidate,urllib_initial
rainbowhospitals.in,https://www.rainbowhospitals.in/,candidate,urllib_initial
rajabahadur.com,http://www.rajabahadur.com/,candidate,urllib_initial
rajapalayammills.co.in,https://rajapalayammills.co.in/,candidate,urllib_initial
rajasthangasesltd.com,https://www.rsl.in/,candidate,urllib_initial
rajathfinance.in,https://fynxcapital.com,candidate,urllib_initial
rajdarshanindustrieslimited.com,https://www.rajdarshanindustrieslimited.com/,candidate,urllib_initial
rajeshindia.com,https://www.rajeshindia.com/,candidate,urllib_initial
rajeshpower.com,https://www.rajeshpower.com/,candidate,urllib_initial
rajgorcastor.com,https://www.rajgorcastor.com/,candidate,urllib_initial
rajkamalsynthetics.com,https://www.rajkamalsynthetics.com/,candidate,urllib_initial
rajnandinimetal.com,https://www.rajnandinimetal.com/,candidate,urllib_initial
rajnishwellness.com,https://rajnishwellness.com/,candidate,urllib_initial
rajoilmillsltd.com,https://www.rajoilmillsltd.com/,candidate,urllib_initial
rajoo.com,https://rajoo.com/,candidate,urllib_initial
rajputanabiodiesel.com,https://rajputanabiodiesel.com/,candidate,urllib_initial
rajputanaindustries.com,https://www.rajputanaindustries.com/,candidate,urllib_initial
rajputanainvestment.com,http://www.rajputanainvestment.com/,candidate,urllib_initial
rajputanastainless.com,https://www.rajputanastainless.com/,candidate,urllib_initial
rajratan.co.in,https://rajratan.co.in/,candidate,urllib_initial
rajrayon.com,https://www.rajrayon.com/,candidate,urllib_initial
rajshreepolypack.com,https://rajshreepolypack.com/,candidate,urllib_initial
rajshreesugars.com,https://www.rajshreesugars.com/,candidate,urllib_initial
rajtube.com,https://www.rajtube.com/,candidate,urllib_initial
rajtvnet.in,https://www.rajtvnet.in/,candidate,urllib_initial
rajvilogitrade.com,https://www.rajvilogitrade.com/,candidate,urllib_initial
rajvirindustrieslimited.com,https://www.rajvirindustrieslimited.com/,candidate,urllib_initial
ramakrishnamills.com,https://www.ramakrishnamills.com/,candidate,urllib_initial
ramapaper.com,https://www.ramapaper.com/index-2.html,candidate,urllib_initial
ramaphosphates.com,https://ramaphosphates.com/,candidate,urllib_initial
ramasteel.com,https://www.ramasteel.com/,candidate,urllib_initial
ramatelecom.net,https://ramatelecom.net/,candidate,urllib_initial
ramavisionltd.com,https://www.ramavisionltd.com/,candidate,urllib_initial
rambhajo.com,https://rambhajo.com/,candidate,urllib_initial
ramco.com,https://www.ramco.com/,candidate,urllib_initial
ramcocements.in,https://www.ramcocements.in/,candidate,urllib_initial
ramcoindltd.com,https://www.ramcoindltd.com/,candidate,urllib_initial
ramdevbabasol.com,https://www.ramdevbabasol.com/,candidate,urllib_initial
ramgopalpolytex.com,https://www.ramgopalpolytex.com/,candidate,urllib_initial
raminfo.com,https://www.raminfo.com/,candidate,urllib_initial
ramkrishnaforgings.com,https://ramkrishnaforgings.com/,candidate,urllib_initial
ramkyinfrastructure.com,https://ramkyinfrastructure.com/,candidate,urllib_initial
rammingmass.com,https://www.rammingmass.com/,candidate,urllib_initial
ramsonsprojects.com,https://www.ramsonsprojects.com/,candidate,urllib_initial
ranasugars.com,http://ranagroup.com/rsl/index.htm,candidate,urllib_initial
ranegroup.com,https://ranegroup.com/,candidate,urllib_initial
ranjeet.co.in,https://www.ranjeet.co.in/,candidate,urllib_initial
ranjitsecurities.com,https://ranjitsecurities.com/,candidate,urllib_initial
rapicutcarbides.com,https://www.rapicutcarbides.com/,candidate,urllib_initial
rapidinvestments.co.in,https://rapidinvestments.co.in/,candidate,urllib_initial
rapidlogistics.in,https://rapidlogistics.in/,candidate,urllib_initial
rappidvalves.in,https://www.rappidvalves.in/,candidate,urllib_initial
rasandik.com,https://www.rasandik.com/,candidate,urllib_initial
rashmilighting.com,https://www.rashmilighting.com/,candidate,urllib_initial
rasielectrodes.com,http://rasielectrodes.com/,candidate,urllib_initial
rasresorts.com,https://www.rasresorts.com/,candidate,urllib_initial
rategain.com,https://www.rategain.com/,candidate,urllib_initial
ratnagroup.co.in,https://ratnacorp.com/,candidate,urllib_initial
ratnamani.com,https://www.ratnamani.com/,candidate,urllib_initial
ratnaveer.com,https://ratnaveer.com/,candidate,urllib_initial
rattanindiapower.com,https://www.rattanindiapower.com/,candidate,urllib_initial
raunaqinternational.com,https://www.raunaqinternational.com/,candidate,urllib_initial
ravalgaonindia.com,https://www.trsfl.in,candidate,urllib_initial
ravelcare.com,https://ravelcare.com/,candidate,urllib_initial
ravikumardistilleries.com,http://www.ravikumardistilleries.com/,candidate,urllib_initial
ravindraenergy.com,https://www.ravindraenergy.com/,candidate,urllib_initial
rawedge.in,https://rawedge.in/,candidate,urllib_initial
raymond.in,https://www.raymond.in/,candidate,urllib_initial
raymondlifestyle.com,https://raymondlifestyle.com/,candidate,urllib_initial
raymondrealty.in,https://raymondrealty.in:443/,confirmed,direct_noverify
rblbank.com,https://www.rbl.bank.in:443/,candidate,urllib_initial
rbminfracon.com,https://www.rbminfracon.com/,candidate,urllib_initial
rbzjewellers.com,https://rbzjewellers.com/,candidate,urllib_initial
rcfltd.com,https://www.rcfltd.com/,candidate,urllib_initial
rcmpl.co.in,https://www.rcmpl.co.in/,candidate,urllib_initial
rcom.co.in,https://www.rcom.co.in/,candidate,urllib_initial
rcvp.in,https://www.rcvp.in/,candidate,urllib_initial
rdbgroup.in,http://www.rdbgroup.in/,candidate,urllib_initial
rdbindia.com,https://www.rdbindia.com/,candidate,urllib_initial
rdbrealty.com,https://rdbrealty.com/,candidate,urllib_initial
rdgagro.com,https://rdgagro.com/,candidate,urllib_initial
rdspl.com,https://www.rdspl.com/,candidate,urllib_initial
realrealtyin.in,https://palmemirates.in/,candidate,urllib_initial
redingtongroup.com,https://redingtongroup.com/,candidate,urllib_initial
redtape.com,https://redtape.com/,candidate,urllib_initial
reetechinternational.com,https://reetechinternational.com/,candidate,urllib_initial
refex.co.in,https://www.refex.co.in/,candidate,urllib_initial
refexrenewables.com,https://refexrenewables.com/,candidate,urllib_initial
refshape.com,https://www.refshape.com/,candidate,urllib_initial
regantoenterprises.com,https://www.regantoenterprises.com/,candidate,urllib_initial
regencyceramics.com,https://www.regencyceramics.com/,candidate,urllib_initial
regencyinvestments.co.in,https://regencyinvestments.co.in/,candidate,urllib_initial
regencytrust.in,https://regencytrust.in/,candidate,urllib_initial
rekvinalaboratories.com,https://www.rekvinalaboratories.com/,candidate,urllib_initial
relaxofootwear.com,https://relaxofootwear.com/,candidate,urllib_initial
reliancechemotex.com,https://www.reliancechemotex.com/,candidate,urllib_initial
reliancehomefinance.com,https://www.reliancehomefinance.com/,candidate,urllib_initial
reliancepower.co.in,https://www.reliancepower.co.in/,candidate,urllib_initial
relicab.com,https://www.relicab.com/,candidate,urllib_initial
religare.com,https://www.religare.com/,candidate,urllib_initial
remigroup.com,https://remigroup.com/,candidate,urllib_initial
remsons.com,https://www.remsons.com/,candidate,urllib_initial
remuspharma.com,https://remuspharma.com/,candidate,urllib_initial
renjewellery.com,https://renaissanceglobal.com/,candidate,urllib_initial
renolpolychem.com,https://renolpolychem.com/,candidate,urllib_initial
renukasugars.com,https://renukasugars.com/,candidate,urllib_initial
repcohome.com,https://www.repcohome.com/,candidate,urllib_initial
repl.global,https://repl.global/,candidate,urllib_initial
repono.in,http://www.repono.in/,candidate,urllib_initial
reproindialtd.com,https://www.reproindialtd.com/,candidate,urllib_initial
resgen.in,https://resgen.in/,candidate,urllib_initial
resonancesl.com,https://www.resonancesl.com/,candidate,urllib_initial
responseinformaticsltd.com,https://www.responseinformaticsltd.com/,candidate,urllib_initial
responsiveindustries.com,https://www.responsiveindustries.com/,candidate,urllib_initial
restile.com,https://restile.com/,candidate,urllib_initial
retaggioindustries.com,https://retaggioindustries.com/,candidate,urllib_initial
retinapaints.com,https://www.retinapaints.com/,candidate,urllib_initial
revabypng.com,https://www.revabypng.com/,candidate,urllib_initial
revathi.in,https://revathi.in/,candidate,urllib_initial
rexnordindia.com,https://www.rexnordindia.com/,candidate,urllib_initial
rexpro.co,https://www.rexpro.co/,candidate,urllib_initial
rexseal.com,https://rexseal.com/,candidate,urllib_initial
rfblflexi.com,https://rfblflexi.com/,candidate,urllib_initial
rfil.in,https://rfil.in/,candidate,urllib_initial
rflindia.org,http://ww16.rflindia.org/?sub1=20260927-0329-5573-bf87-9a08bd55901a,candidate,urllib_initial
rfsl.co.in,https://www.rfsl.co.in/,candidate,urllib_initial
rhimagnesitaindia.com,https://www.rhimagnesitaindia.com/,candidate,urllib_initial
richainfosys.com,https://www.richainfosys.com/,candidate,urllib_initial
richsoya.in,https://richsoya.in/,candidate,urllib_initial
richuninet.com,https://richuninet.com/,candidate,urllib_initial
ricl.in,https://ricl.in/,candidate,urllib_initial
ricoauto.com,https://www.ricoauto.com/,candidate,urllib_initial
riddhicorporate.co.in,https://riddhicorporate.co.in/,candidate,urllib_initial
riddhidisplay.com,https://riddhidisplay.com/,candidate,urllib_initial
riddhisiddhi.co.in,https://www.riddhisiddhi.co.in/,candidate,urllib_initial
riddhitubes.com,https://www.riddhitubes.com/,candidate,urllib_initial
riil.in,https://www.riil.in/,candidate,urllib_initial
rikhav.net,https://www.rikhav.net/,candidate,urllib_initial
ril.com,https://www.ril.com/,candidate,urllib_initial
rinfra.com,https://www.rinfra.com/,candidate,urllib_initial
risainternational.in,https://risainternational.in/,candidate,urllib_initial
rishabh.co.in,https://www.rishabh.co.in/,candidate,urllib_initial
rishabhdighasteel.com,https://www.rishabhdighasteel.com/,candidate,urllib_initial
rishilaser.com,https://rishilaser.com/,candidate,urllib_initial
rishiroop.in,https://www.rishiroop.in/,candidate,urllib_initial
rishitechtex.com,https://www.rishitechtex.com/,candidate,urllib_initial
ritafinance.in,https://ritafinance.in/,candidate,urllib_initial
ritcologistics.com,https://www.ritcologistics.com/,candidate,urllib_initial
riteshindustries.us,https://www.riteshindustries.us/,candidate,urllib_initial
riteshinternationalltd.com,https://www.riteshinternationalltd.com/,candidate,urllib_initial
ritezone.in,https://www.ritezone.in/,candidate,urllib_initial
ritl.co.in,https://www.ritl.co.in/,candidate,urllib_initial
riyaasat.in,https://www.riyaasatlifestyle.in/,candidate,urllib_initial
rkecprojects.com,https://www.rkecprojects.com/,candidate,urllib_initial
rkswamy.com,https://www.rkswamy.com/,candidate,urllib_initial
rlfltd.com,https://www.rlfltd.com/,candidate,urllib_initial
rmcindia.in,https://rmcindia.in/,candidate,urllib_initial
rmhil.com,https://rmhil.com/,candidate,urllib_initial
rnaval.co.in,https://sdhi.co.in,candidate,urllib_initial
rnbdenims.com,https://www.rnbdenims.com/,candidate,urllib_initial
rnfiservices.com,https://www.rnfiservices.com/,candidate,urllib_initial
rnit.ai,https://rnit.ai/,candidate,urllib_initial
robu.in,https://robu.in/,candidate,proxy_curl
robusthotels.in,https://www.robusthotels.in/,candidate,urllib_initial
rockingdeals.in,https://www.rockingdeals.in/,candidate,urllib_initial
rodium.net,https://rodium.net/,candidate,urllib_initial
rojewels.in,https://rojewels.in/,candidate,urllib_initial
rolconengineering.com,https://www.rolconengineering.com/,candidate,urllib_initial
rollatainers.in,https://www.rollatainers.in/,candidate,urllib_initial
ronihouseholds.com,https://ronihouseholds.com/,candidate,urllib_initial
roopaindustries.com,https://www.roopaindustries.com/,candidate,urllib_initial
roselabsfinancelimited.in,http://www.roselabsfinancelimited.in/,candidate,urllib_initial
rosemerc.in,https://www.rosemerc.in/,candidate,urllib_initial
rossari.com,https://www.rossari.com/,candidate,urllib_initial
rossellindia.com,https://rossellindia.com/,candidate,urllib_initial
rosselltechsys.com,https://rosselltechsys.com/,candidate,urllib_initial
rotoindia.co.in,https://www.rotoindia.co.in/,candidate,urllib_initial
rotopumps.com,https://rotopumps.com/,candidate,urllib_initial
routemobile.com,https://routemobile.com/,candidate,urllib_initial
rox.co.in,https://www.rox.co.in/,candidate,urllib_initial
royalarc.in,https://royalarc.in/,candidate,urllib_initial
royalorchidhotels.com,https://www.royalorchidhotels.com/,candidate,urllib_initial
royalsense.in,https://www.royalsense.in/,candidate,urllib_initial
rpglifesciences.com,https://www.rpglifesciences.com/website/index.php,candidate,urllib_initial
rppipl.com,https://www.rppipl.com/,candidate,urllib_initial
rpsl.co.in,https://www.rpsl.co.in/,candidate,urllib_initial
rptechindia.com,https://rptechindia.com/,candidate,urllib_initial
rrfcl.com,http://www.rrfcl.com/,candidate,urllib_initial
rrillimited.com,https://www.rrillimited.com/,candidate,urllib_initial
rrkabel.com,https://www.rrkabel.com/,candidate,urllib_initial
rrmetalmakers.com,https://www.rrmetalmakers.com/,candidate,urllib_initial
rrsecurities.com,https://www.hugedomains.com/domain_profile.cfm?d=rrsecurities.com,candidate,urllib_initial
rrshramik.com,https://www.rrshramik.com/,candidate,urllib_initial
rsdfinancelimited.com,https://www.rsdfinancelimited.com/,candidate,urllib_initial
rspl.ind.in,https://rspl.ind.in/,candidate,urllib_initial
rssoftware.com,https://rssoftware.ai/,candidate,urllib_initial
rswm.in,https://rswm.in/,candidate,urllib_initial
rsystems.com,https://www.rsystems.com/,candidate,urllib_initial
rtcllimited.in,http://www.rtcllimited.in/,candidate,urllib_initial
rtexports.com,https://www.rtexports.com/,candidate,urllib_initial
rtspower.com,https://rtspower.com/,candidate,urllib_initial
rubfila.com,https://www.rubfila.com/,candidate,india_proxy
rubicon.co.in,https://www.rubicon.co.in/,candidate,urllib_initial
rubramed.com,https://www.rubramed.com/,candidate,urllib_initial
rubymills.com,https://www.rubymills.com/,candidate,urllib_initial
ruchiinfrastructure.com,http://www.ruchiinfrastructure.com/,candidate,urllib_initial
ruchikaind.in,https://ruchikaind.in/,candidate,urllib_initial
ruchirapapers.com,https://www.ruchirapapers.com/,candidate,urllib_initial
rudragasenterprise.com,https://www.rudragasenterprise.com/,candidate,urllib_initial
rungtairrigation.in,https://www.rungtairrigation.in/,candidate,urllib_initial
rupa.co.in,https://rupa.co.in/,candidate,urllib_initial
rushil.com,https://www.rushil.com/,candidate,urllib_initial
rustomjee.com,https://www.rustomjee.com/,candidate,urllib_initial
ruttonsha.com,https://www.rirpowersemi.com/,candidate,urllib_initial
saatvikgroup.com,https://www.saatvikgroup.com/,candidate,urllib_initial
sabarflex.com,https://www.sabarflex.com/,candidate,urllib_initial
sabrimala.co.in,http://sabrimala.co.in/,candidate,urllib_initial
sacheta.com,https://www.sacheta.com/,candidate,urllib_initial
sadbhavinfra.co.in,https://www.sadbhavinfra.co.in/,candidate,urllib_initial
sadhavshipping.com,https://www.sadhavshipping.com/,candidate,urllib_initial
sadhnabroadcast.com,https://sadhna.com/investors.html,candidate,urllib_initial
sael.co.in,https://www.sael.co.in/,candidate,urllib_initial
safaribags.com,https://safaribags.com/,candidate,urllib_initial
safecure.in,https://www.safecure.in/,candidate,urllib_initial
safeenterprises.com,https://safeenterprises.com/,candidate,urllib_initial
safefintech.in,https://www.safefintech.in/,candidate,urllib_initial
safetygroup.in,https://www.safetygroup.in/,candidate,urllib_initial
sagarcements.in,https://sagarcements.in/,candidate,urllib_initial
sagarproduction.com,https://www.sagarproduction.com/,candidate,urllib_initial
sagarsoft.in,https://www.sagarsoft.in/,candidate,urllib_initial
sagarsoyaproducts.com,https://www.sagarsoyaproducts.com/,candidate,urllib_initial
sagilityhealth.com,https://sagility.com/,candidate,urllib_initial
sahajsolar.com,https://www.sahajsolar.com/,candidate,urllib_initial
sahanasystem.com,https://www.sahanasystem.com/,candidate,urllib_initial
saharamaritime.com,https://www.saharamaritime.com/,candidate,urllib_initial
sahpolymers.com,https://aeroflexneu.com/,candidate,urllib_initial
saicapital.co.in,http://www.saicapital.co.in/,candidate,urllib_initial
sailanitours.com,https://sailanitours.com/,candidate,urllib_initial
sailife.com,https://sailife.com/,candidate,urllib_initial
sainikfinance.com,http://www.sainikfinance.com/,candidate,urllib_initial
saiparenterals.com,https://www.saiparenterals.com/,candidate,urllib_initial
saiswamimetals.com,https://www.saiswamimetals.com/,candidate,urllib_initial
sajresort.com,https://www.sajresort.com/,candidate,urllib_initial
sakarhealthcare.com,https://sakarhealthcare.com/,candidate,urllib_initial
sakthifinance.com,https://sakthifinance.com/,candidate,urllib_initial
sakthisugars.com,https://www.sakthisugars.com/,candidate,urllib_initial
sakumaexportsltd.com,https://www.sakumaexportsltd.com/,candidate,urllib_initial
salasarexterior.com,https://www.salasarexterior.com/,candidate,urllib_initial
salasartechno.com,https://salasartechno.com/,candidate,urllib_initial
salautomotive.in,https://salautomotive.in/,candidate,urllib_initial
salemerode.com,https://www.salemerode.com/,candidate,urllib_initial
salguti.com,https://www.salguti.com/,candidate,urllib_initial
salonacotspin.com,https://www.salonacotspin.com/,candidate,urllib_initial
salora.com,https://salora.com/,candidate,urllib_initial
salsteel.co.in,https://www.salsteel.co.in/,candidate,urllib_initial
salzergroup.net,https://www.salzergroup.net/,candidate,urllib_initial
samayprojects.com,https://samayprojects.com/,candidate,urllib_initial
sambandam.com,https://sambandam.com/,candidate,urllib_initial
sambhaav.com,https://www.sambhaav.com/,candidate,urllib_initial
sambhv.com,https://www.sambhv.com/,candidate,urllib_initial
sameeraagroandinfra.com,https://www.sameeraagroandinfra.com/,candidate,urllib_initial
samhi.co.in,https://samhi.co.in/,candidate,urllib_initial
samkrgpistonsandrings.com,https://www.samkrgpistonsandrings.com/,candidate,urllib_initial
sammaancapital.com,https://www.sammaancapital.com/,candidate,urllib_initial
samor.in,https://samor.in/,candidate,urllib_initial
sampataluminium.com,https://sampataluminium.com/,candidate,urllib_initial
sampoornanuts.com,https://www.sampoornanuts.com/,candidate,urllib_initial
sampreltd.com,https://www.sampreltd.com/,candidate,urllib_initial
samratforgings.com,https://samratforgings.com/,candidate,urllib_initial
samratpharmachem.com,https://www.samratpharmachem.com/,candidate,urllib_initial
samtelgroup.com,https://www.samtelgroup.com/,candidate,urllib_initial
samtexfashions.com,https://www.samtexfashions.com/,candidate,urllib_initial
samyakinternational.in,https://samyakinternational.in/,candidate,urllib_initial
sanathan.com,https://www.sanathan.com/,candidate,urllib_initial
sanathnagar.in,http://www.sanathnagar.in/,candidate,urllib_initial
sanbluecorporation.com,https://www.sanbluecorporation.com/,candidate,urllib_initial
sanchayfinvest.in,https://sanchayfinvest.in/,candidate,urllib_initial
sancodetech.com,https://www.sancodetech.com/,candidate,urllib_initial
sancotrans.com,https://sancotrans.com/,candidate,urllib_initial
sandesh.com,https://sandesh.com/,candidate,urllib_initial
sandhargroup.com,https://sandhargroup.com/,candidate,urllib_initial
sandu.in,https://sandu.in/,candidate,urllib_initial
sangalpapers.com,https://sangalpapers.com/,candidate,urllib_initial
sangamgroup.com,https://sangamgroup.com/,candidate,urllib_initial
sanginitachemicals.co.in,https://www.sanginitachemicals.co.in/,candidate,urllib_initial
sanjivani.co.in,https://www.sanjivani.co.in/,candidate,urllib_initial
sanmitinfraltd.com,https://sanmitinfraltd.com/,candidate,urllib_initial
sanofi.in,https://www.sanofi.com/en/india,candidate,urllib_initial
sanofiindialtd.com,https://www.sanofi.com/en/india/investors,candidate,urllib_initial
sanrhea.com,https://sanrhea.com/,candidate,urllib_initial
sansera.in,https://sansera.in/,candidate,urllib_initial
sanstar.in,https://sanstar.in/,candidate,urllib_initial
santaramspinners.com,http://jayatmaindustries.com/,candidate,urllib_initial
sapphirefoods.in,https://www.sapphirefoods.in/,candidate,proxy_curl
saptakchem.com,https://www.saptakchem.com/,candidate,urllib_initial
saraswaticommercial.com,https://www.saraswaticommercial.com/,candidate,urllib_initial
saraswatisareedepot.com,https://saraswatisareedepot.com/,candidate,urllib_initial
sarautoproductsltd.com,https://www.sarautoproductsltd.com/,candidate,urllib_initial
sardaplywood.in,https://www.duroply.in/,candidate,urllib_initial
sardaproteins.in,https://sardaproteins.in/,candidate,urllib_initial
saregama.com,https://www.saregama.com/,candidate,urllib_initial
sarlafibers.com,https://www.sarlafibers.com/,candidate,urllib_initial
sarojapharma.com,https://www.sarojapharma.com/,candidate,urllib_initial
sarteleventure.com,https://www.sarteleventure.com/,candidate,urllib_initial
sarthakglobal.com,https://www.sarthakglobal.com/,candidate,urllib_initial
sarthakindustries.com,https://www.sarthakindustries.com/,candidate,urllib_initial
sarupindustries.com,https://www.sarupindustries.com/,candidate,urllib_initial
sarvottamfinvest.in,http://www.sarvottamfinvest.in/,candidate,urllib_initial
sashwattechnocrats.com,https://sashwattechnocrats.com/,candidate,urllib_initial
sasken.com,https://www.sasken.com/,candidate,urllib_initial
sastasundarventures.com,https://www.sastasundarventures.com/,candidate,urllib_initial
satgroup.in,https://aeroflexgroup.in/,candidate,urllib_initial
sathlokhar.com,https://www.sathlokhar.com/,candidate,urllib_initial
satiagroup.com,https://www.satiagroup.com/,candidate,urllib_initial
satincorp.com,https://www.satincorp.com/,candidate,urllib_initial
satincreditcare.com,https://satincreditcare.com/,candidate,urllib_initial
satkartar.in,https://www.satkartar.in/,candidate,urllib_initial
sattrix.com,https://www.sattrix.com/,candidate,urllib_initial
sattvaengg.in,https://sattvaengg.in/,candidate,urllib_initial
savanifinancials.co.in,https://savanifinancials.co.in/,candidate,urllib_initial
saven.in,https://www.saven.in/,candidate,urllib_initial
saverahotel.com,https://www.saverahotel.com/,candidate,urllib_initial
savita.com,https://savita.com/,candidate,urllib_initial
savyinfra.com,https://www.savyinfra.com/,candidate,urllib_initial
sawacabusiness.com,https://www.sawacabusiness.com/,candidate,urllib_initial
sawaliyafood.com,https://sawaliyafood.com/,candidate,urllib_initial
sawhneyauto.com,https://www.sawhneyauto.com/,candidate,urllib_initial
sayajigroup.in,https://sayajigroup.in/,candidate,urllib_initial
sayajihotels.com,https://www.sayajihotels.com/,candidate,urllib_initial
sbal.co.in,https://www.sbal.co.in/,candidate,urllib_initial
sbcexportslimited.com,https://www.sbcexportslimited.com/,candidate,urllib_initial
sbecsugar.com,http://www.sbecsugar.com/,candidate,urllib_initial
sbi.co.in,https://sbi.co.in/redirect/,candidate,urllib_initial
sbicard.com,https://www.sbicard.com/,candidate,urllib_initial
sbifunds.com,https://sbifunds.com/,candidate,urllib_initial
sbilife.co.in,https://www.sbilife.co.in/,candidate,india_proxy
sblinfra.com,https://sblinfra.com/,candidate,urllib_initial
sbsaviation.in,https://sbsaviation.in/,candidate,urllib_initial
scandent.in,http://www.scandent.in/,candidate,urllib_initial
scanprojects.in,https://scanprojects.in/,candidate,urllib_initial
scansteels.com,https://scansteels.com/,candidate,urllib_initial
scarnose.com,https://www.scarnose.com/,candidate,urllib_initial
schaeffler.co.in,https://www.schaeffler.co.in/en/,candidate,proxy_curl
schandgroup.com,https://schandgroup.com/,candidate,urllib_initial
schneider-infra.in,https://infra-in.se.com/en/,candidate,urllib_initial
schneiderelectricpresident.com,https://www.schneiderelectricpresident.com/,candidate,urllib_initial
scilal.com,https://www.scilal.com/,candidate,urllib_initial
scintilla.co.in,https://www.scintilla.co.in/,candidate,urllib_initial
sclcasting.com,https://sclcasting.com/,candidate,urllib_initial
scodatubes.com,https://www.scodatubes.com/,candidate,urllib_initial
scplco.com,https://sheetalfoodworld.com/,candidate,urllib_initial
sctl.in,http://ww16.sctl.in/?sub1=20260927-0328-32bc-8ecf-fe6f9f5331b1,candidate,urllib_initial
sdalloys.com,https://www.sdalloys.com/,candidate,urllib_initial
seagoldaqua.com,https://rayotus.com/,candidate,urllib_initial
sealmaticindia.com,https://www.sealmaticindia.com/,candidate,urllib_initial
seamec.in,https://seamec.in/,candidate,urllib_initial
seasonsworld.com,https://www.seasonsworld.com/,candidate,urllib_initial
secmark.in,https://www.secmark.in/,candidate,urllib_initial
sedemac.com,https://www.sedemac.com/,candidate,urllib_initial
seemaxresources.com,https://www.seemaxresources.com/,candidate,urllib_initial
sefl.co.in,https://www.sefl.co.in/,candidate,urllib_initial
seil.co.in,https://www.seil.co.in/,candidate,urllib_initial
seil.net.in,https://seil.net.in/,candidate,urllib_initial
sejalglass.co.in,https://www.sejalglass.co.in/,candidate,urllib_initial
selindia.in,https://selindia.in/,candidate,urllib_initial
sellowrap.com,https://sellowrap.com/,candidate,urllib_initial
semacconsultants.com,https://www.semacconstruction.com/,candidate,urllib_initial
seml.co.in,https://www.seml.co.in/,candidate,urllib_initial
sencogoldanddiamonds.com,https://sencogoldanddiamonds.com:443/,candidate,urllib_initial
senorespharma.com,https://senorespharma.com/,candidate,urllib_initial
senthilinfo.com,https://senthilinfo.com/,candidate,urllib_initial
sepower.in,https://suil.in/,candidate,urllib_initial
sequent.in,https://viyash.com,candidate,urllib_initial
servotech.in,https://www.servotech.in/,candidate,urllib_initial
seshaasai.com,https://seshaasai.com/,candidate,urllib_initial
seshachal.com,https://seshachal.com/,candidate,urllib_initial
seslimited.in,https://seslimited.in/,candidate,urllib_initial
setcoauto.com,https://setcoauto.com/,candidate,urllib_initial
seya.in,https://www.seya.in/,candidate,urllib_initial
sftc.co.in,https://www.sftc.co.in/,candidate,urllib_initial
sgfinserve.com,https://www.sgfinserve.com/,candidate,urllib_initial
sgfrl.com,https://sgfrl.com/?v=212bd1cfe3fb,candidate,urllib_initial
sgligis.com,https://www.sgligis.com/,candidate,urllib_initial
sgmart.co.in,https://sgmart.co.in/,candidate,urllib_initial
shadowfax.in,https://www.shadowfax.in/,candidate,urllib_initial
shahalloys.com,http://www.shahalloys.com/,candidate,urllib_initial
shahhospitalratlam.com,https://shahhospitalratlam.com/,candidate,urllib_initial
shahilogistics.com,https://www.shahilogistics.com/,candidate,urllib_initial
shaily.com,https://shaily.com/,candidate,urllib_initial
shaivalgroup.ooo,https://www.shaivalgroup.ooo/,candidate,urllib_initial
shaktipresslimited.com,https://www.shaktipresslimited.com/,candidate,urllib_initial
shalby.org,https://www.shalby.org/,candidate,urllib_initial
shalimarpaints.com,https://www.shalimarpaints.com/,candidate,urllib_initial
shalimarpro.com,https://www.shalimarpro.com/,candidate,urllib_initial
shalimarwires.com,https://www.shalimarwires.com/,candidate,urllib_initial
shamfoam.com,https://www.shamfoam.com/,candidate,urllib_initial
shamrockindustrial.wordpress.com,https://shamrockindustrial.wordpress.com/,candidate,urllib_initial
shangardecor.com,https://www.shangardecor.com/,candidate,urllib_initial
shankarabuildpro.com,https://shankarabuildpro.com/,candidate,urllib_initial
shankeshjewellers.com,https://www.shankeshjewellers.com/,candidate,urllib_initial
shanmugahospital.com,https://shanmugahospital.com/,candidate,urllib_initial
shanthalafmcg.com,https://shanthalafmcg.com/,candidate,urllib_initial
shanthigears.com,https://www.shanthigears.com/,candidate,urllib_initial
shantigold.in,https://shantigold.in/,candidate,urllib_initial
shantiguruindustries.com,https://shantiguruindustries.com/,candidate,urllib_initial
shantispintex.com,https://www.shantispintex.com/,candidate,urllib_initial
sharatindustries.com,https://sharatindustries.com/,candidate,urllib_initial
shardacropchem.com,https://shardacropchem.com/,candidate,urllib_initial
shardaispat.com,https://shardaispat.com/,candidate,urllib_initial
shardamotor.com,https://www.shardamotor.com/,candidate,urllib_initial
shardulsecurities.com,http://www.shardulsecurities.com/,candidate,urllib_initial
shareindia.com,https://www.shareindia.com/,candidate,urllib_initial
sharemart.co.in,https://www.sharemart.co.in/,candidate,urllib_initial
sharesamadhan.com,https://sharesamadhan.com/,candidate,urllib_initial
sharikaindia.com,https://sharikaindia.com/,candidate,india_proxy
sharpchucks.com,https://sharpchucks.com/,candidate,urllib_initial
sharpinvestmentsltd.com,https://www.sharpinvestmentsltd.com/,candidate,urllib_initial
sharplinebroadcast.in,https://sharplinebroadcast.in/,candidate,urllib_initial
shashijitinfraprojects.com,https://shashijitinfraprojects.com/,candidate,urllib_initial
shayonaengg.com,https://www.shayonaengg.com/,candidate,urllib_initial
sheelafoam.com,https://www.sheelafoam.com/,candidate,urllib_initial
sheelbiotech.com,https://sheelbiotech.com/,candidate,urllib_initial
sheetaldiamonds.com,https://www.sheetaldiamonds.com/,candidate,urllib_initial
sheetaluniversal.com,https://sheetaluniversal.com/,candidate,urllib_initial
shekhawatiyarn.com,https://shekhawatiind.com/,candidate,urllib_initial
shelter.co.in,https://shelter.co.in/,candidate,urllib_initial
shemarooent.com,https://www.shemarooent.com/,candidate,urllib_initial
shentracon.com,https://www.shentracon.com/,candidate,urllib_initial
sheraenergy.com,https://www.sheraenergy.com/,candidate,urllib_initial
shervaniind.com,https://shervaniind.com/,candidate,urllib_initial
sheshadri.in,http://www.sheshadri.in/,candidate,urllib_initial
shilchar.com,https://shilchar.com/,candidate,urllib_initial
shilindore.com,https://shilindore.com/,candidate,urllib_initial
shilpgravures.com,https://www.shilpgravures.com/,candidate,urllib_initial
shinefashions.in,https://shinefashions.in/,candidate,urllib_initial
shipindia.com,https://www.shipindia.com/,candidate,urllib_initial
shiprocket.in,https://www.shiprocket.in/,candidate,urllib_initial
shipwaves.com,https://www.shipwaves.com/,candidate,urllib_initial
shishindustries.com,https://www.shishind.com,candidate,urllib_initial
shivaagro.org,https://www.shivaagro.org/,candidate,urllib_initial
shivacement.com,https://shivacement.com/,candidate,urllib_initial
shivaexport.in,https://www.shivaexport.in/,candidate,urllib_initial
shivalic.com,https://shivalic.com/,candidate,urllib_initial
shivalikbimetals.com,https://www.shivalikbimetals.com/,candidate,urllib_initial
shivalikrasayan.com,https://shivalikrasayan.com/,candidate,urllib_initial
shivamautotech.com,https://www.shivamautotech.com/,candidate,urllib_initial
shivamchem.com,https://www.shivamchem.com/,candidate,urllib_initial
shivamills.com,https://www.shivamills.com/,candidate,urllib_initial
shivanshfinserve.com,https://shivanshfinserve.com/,candidate,urllib_initial
shivatex.co.in,https://www.shivatex.in/,candidate,urllib_initial
shivaumsteels.com,https://www.shivaumsteels.com/,candidate,urllib_initial
shkraipur.com,https://www.shkraipur.com/,candidate,urllib_initial
shlokkadyes.com,https://shlokkadyes.com/,candidate,urllib_initial
shooradesigns.com,https://www.shooradesigns.com/,candidate,urllib_initial
shoppersstop.com,https://www.shoppersstop.com/,candidate,india_proxy
shplpune.com,https://shplpune.com/,candidate,urllib_initial
shraddhaprimeprojects.in,https://shraddhaprimeprojects.in/,candidate,urllib_initial
shradhaaitechnologies.com,https://shradhaaitechnologies.com/,candidate,urllib_initial
shradhainfra.in,https://shradhainfra.in/,candidate,urllib_initial
shreeajit.com,https://www.shreeajit.com/,candidate,urllib_initial
shreebhavyafabrics.com,https://www.shreebhavyafabrics.com/,candidate,urllib_initial
shreecement.com,https://www.shreecement.com/,candidate,urllib_initial
shreedharspinners.com,https://shreedharspinners.com/,candidate,urllib_initial
shreeganeshbiotech.club,http://ww547.shreeganeshbiotech.club/?tkn=19vnMT3S,candidate,urllib_initial
shreeharichemicals.in,https://shreeharichemicals.in/,candidate,urllib_initial
shreejifmcg.com,https://www.shreejifmcg.com/,candidate,urllib_initial
shreejishipping.in,https://www.shreejishipping.in/,candidate,urllib_initial
shreejitranslogistics.com,https://www.shreejitranslogistics.com/,candidate,urllib_initial
shreemarutitubes.com,https://www.shreemarutitubes.com/,candidate,urllib_initial
shreenathpaper.com,https://shreenathpaper.com/,candidate,urllib_initial
shreeosfm.com,https://shreeosfm.com/,candidate,urllib_initial
shreepushkar.com,https://www.shreepushkar.com/,candidate,urllib_initial
shreeramtwistex.com,https://shreeramtwistex.com/,candidate,urllib_initial
shreeref.com,https://www.shreeref.com/,candidate,urllib_initial
shreesalasar.in,https://stssalumni.co.in/,candidate,urllib_initial
shreesecindia.com,https://shreesecindia.com/,candidate,urllib_initial
shreeshay.com,https://www.shreeshay.com/,candidate,urllib_initial
shreevasulogistics.com,https://shreevasulogistics.com/,candidate,urllib_initial
shreminvit.com,https://www.shreminvit.com/,candidate,urllib_initial
shreyansgroup.com,https://www.shreyansgroup.com/,candidate,urllib_initial
shreyasintermediates.co.in,https://shreyasintermediates.co.in/,candidate,urllib_initial
shricon.in,https://shricon.in/,candidate,urllib_initial
shrigangindustries.com,https://www.shrigangindustries.com/,candidate,urllib_initial
shrijagdamba.com,https://www.shrijagdamba.com/,candidate,urllib_initial
shrikrishnadevconlimited.com,https://shrikrishnadevconlimited.com/,candidate,urllib_initial
shringar.ms,https://www.shringar.ms/,candidate,urllib_initial
shriniwasleasingfinance.in,https://www.shriniwasleasingfinance.in/,candidate,urllib_initial
shriramamc.in,https://www.shriramamc.in/,candidate,urllib_initial
shriramepc.com,https://www.shriramepc.com/,candidate,urllib_initial
shriramfinance.in,https://www.shriramfinance.in/,candidate,urllib_initial
shriramproperties.com,https://www.shriramproperties.com/,candidate,urllib_initial
shrishakti.com,https://www.shrishakti.com/,candidate,urllib_initial
shristicorp.com,https://www.shristicorp.com/,candidate,urllib_initial
shritechtex.com,https://www.shritechtex.com/,candidate,urllib_initial
shubhlaxmiltd.in,https://www.shubhlaxmiltd.in/,candidate,urllib_initial
shubhshreebiofuels.co.in,https://shubhshreebiofuels.co.in/,candidate,urllib_initial
shukrabullions.com,https://shukrabullions.com/,candidate,urllib_initial
shukrapharmaceuticals.com,https://shukrapharmaceuticals.com/,candidate,urllib_initial
shyamkamal.com,https://www.shyamkamal.com/,candidate,urllib_initial
shyammetalics.com,https://www.shyammetalics.com/,candidate,urllib_initial
shyamspices.co.in,https://www.shyamspices.co.in/,candidate,urllib_initial
shyamtelecom.com,https://shyamtelecom.com/,candidate,urllib_initial
sicagen.com,https://www.sicagen.com/,candidate,urllib_initial
sical.in,https://sical.in/,candidate,urllib_initial
sicapital.co.in,https://sicapital.co.in/,candidate,urllib_initial
sicl.in,https://www.sicl.in/,candidate,urllib_initial
siddhaventures.com,http://www.siddhaventures.com/,candidate,urllib_initial
siddheswarigarments.co.in,https://www.siddheswarigarments.co.in/,candidate,urllib_initial
siddhicotspin.com,https://www.siddhicotspin.com/,candidate,urllib_initial
siddhika.com,https://siddhika.com/,candidate,urllib_initial
sielfinancial.com,https://sielfinancial.com/,candidate,urllib_initial
siemens-energy-india.com,https://www.siemens-energy-india.com/,candidate,urllib_initial
siemens.co.in,https://www.siemens.com/en-gb/,candidate,urllib_initial
sigachi.com,https://sigachi.com/,candidate,urllib_initial
sigmaadvsys.com,https://sigmaadvsys.com/,candidate,urllib_initial
sigmacab.com,https://www.sigmacab.com/,candidate,urllib_initial
sigmasolve.in,https://www.sigmasolve.in/,candidate,urllib_initial
signatureglobal.in,https://www.signatureglobal.in/,candidate,urllib_initial
signoria.in,https://signoria.in/,candidate,urllib_initial
signpostindia.com,https://signpostindia.com/,candidate,urllib_initial
sihoragroup.com,https://sihoragroup.com/,candidate,urllib_initial
sikaglobal.com,https://www.sikaglobal.com/,candidate,urllib_initial
sikkoindia.com,https://sikkoindia.com/,candidate,urllib_initial
silgo.in,https://silgo.in/,candidate,urllib_initial
silicongroup1.com,https://silicongroup1.com/,candidate,urllib_initial
silinvestments.in,https://www.silinvestments.in/,candidate,urllib_initial
silkflexindia.in,https://silkflexindia.in/,candidate,urllib_initial
silkyoverseas.com,https://www.riandecor.com/,candidate,urllib_initial
silpl.rathigroup.info,https://silpl.rathigroup.info/,candidate,urllib_initial
silveroak.co.in,http://www.silveroak.co.in/,candidate,urllib_initial
silveroakindia.co.in,https://www.silveroakindia.co.in/,candidate,urllib_initial
silverpearlhospitality.com,https://www.silverpearlhospitality.com/,candidate,urllib_initial
silverpointinfratech.com,https://skipspaintingmi.com/services/,candidate,urllib_initial
silverstorm.in,https://silverstorm.in/,candidate,urllib_initial
simandharimpex.com,https://simandharimpex.com/,candidate,urllib_initial
simbhaolisugars.com,https://www.simbhaolisugars.com/,candidate,urllib_initial
simcaadvertising.com,https://www.simcaadvertising.com/,candidate,urllib_initial
simmondsmarshall.com,https://simmondsmarshall.com/,candidate,urllib_initial
simplex-group.com,https://simplex-group.com/,candidate,urllib_initial
simplexcastings.com,https://www.simplexcastings.com/,candidate,urllib_initial
simranfarms.com,http://www.simranfarms.com/,candidate,urllib_initial
sinclairsindia.com,https://www.sinclairsindia.com/,candidate,urllib_initial
sindhutrade.com,https://sindhutrade.com/,candidate,urllib_initial
singerindia.net,https://singerindia.com,candidate,urllib_initial
sinnarbidi.com,https://sinnarbidi.com/,candidate,urllib_initial
sipaper.com,http://www.sipaper.com/,candidate,urllib_initial
sisindia.com,https://www.sisindia.com/,candidate,urllib_initial
sitaenterprises.com,https://www.sitaenterprises.com/,candidate,urllib_initial
sitinetworks.com,https://www.sitinetworks.com/,candidate,urllib_initial
siyaram.com,https://www.siyaram.com/,candidate,urllib_initial
sjlogistics.co.in,https://sjlogistics.co.in/,candidate,urllib_initial
sjsindia.com,https://www.sjsindia.com/,candidate,urllib_initial
skfindia.com,https://www.skf.com/in,candidate,urllib_initial
skflindia.com,https://skflindia.com/,candidate,urllib_initial
skifl.com,https://www.skifl.com/,candidate,urllib_initial
skinternational.in,https://www.skinternational.in/,candidate,urllib_initial
skipperlimited.com,https://www.skipperlimited.com/,candidate,urllib_initial
skmegg.com,https://www.skmegg.com/,candidate,urllib_initial
skminerals.net,https://skminerals.net/,candidate,urllib_initial
skpbearings.com,https://www.skpbearings.com/,candidate,urllib_initial
skpmil.com,https://skpmil.com/,candidate,urllib_initial
skycorp.in,https://skycorp.in/,candidate,urllib_initial
skygold.co.in,https://skygold.co.in/,candidate,urllib_initial
skylinemillarsltd.com,https://www.skylinemillarsltd.com/,candidate,urllib_initial
skylineventuresindia.com,https://skylineventuresindia.com/,candidate,urllib_initial
skyways-air.in,https://www.skyways-air.in/,candidate,urllib_initial
sloneinfosystems.com,https://sloneinfosystems.com/,candidate,urllib_initial
smartenpowersystems.com,https://www.smartenpowersystems.com/,candidate,urllib_initial
smartfinsec.com,https://www.smartfinsec.com/,candidate,urllib_initial
smartlinkholdings.com,https://www.smartlinkholdings.com/,candidate,urllib_initial
smartservicesindia.net,https://smartservicesindia.net/,candidate,urllib_initial
smartworksoffice.com,https://www.smartworksoffice.com/,candidate,urllib_initial
smautostamping.com,https://www.smautostamping.com/,candidate,urllib_initial
smcl.co.in,https://smcl.co.in/,candidate,urllib_initial
smithsandfoundersindia.com,https://www.smithsandfoundersindia.com/,candidate,urllib_initial
smlmahindra.com,https://smlmahindra.com/,candidate,urllib_initial
smruthiorganics.com,https://smruthiorganics.com/,candidate,urllib_initial
smspharma.com,https://smspharma.com/,candidate,urllib_initial
smtel.in,https://smtel.in/,candidate,urllib_initial
smtpl.co,https://www.smtpl.co/,candidate,urllib_initial
smvdpolypack.com,https://www.smvdpolypack.com/,candidate,urllib_initial
sncl.com,https://www.sncl.com/,candidate,urllib_initial
snl.in.net,https://www.snl.in.net/,candidate,urllib_initial
snlbearings.in,https://snlbearings.in/,candidate,urllib_initial
snowman.in,https://www.snowman.in/,candidate,urllib_initial
sobha.com,https://www.sobha.com/,candidate,urllib_initial
sobhagyaltd.com,https://www.sobhagyaltd.com/,candidate,urllib_initial
sodhanicapital.com,https://sodhanicapital.com/,candidate,urllib_initial
sofcomsystemslimited.com,https://sofcomsystemslimited.com/,candidate,urllib_initial
softrakventure.in,https://www.softrakventure.in/,candidate,urllib_initial
softsolindia.com,https://softsolindia.com/,candidate,urllib_initial
softtrust.com,https://www.softtrust.com/,candidate,urllib_initial
solara.co.in,https://www.solara.co.in/,candidate,urllib_initial
solargroup.com,https://www.solargroup.com/,candidate,urllib_initial
solariumenergy.in,https://solariumenergy.in/,candidate,urllib_initial
solex.in,https://solex.in/,candidate,urllib_initial
solid-stone.com,https://www.solid-stone.com/,candidate,urllib_initial
solvexedibles.in,https://solvexedibles.in/,candidate,urllib_initial
somanyceramics.com,https://www.somanyceramics.com/,candidate,urllib_initial
somapapers.in,https://ksstech.co/,candidate,urllib_initial
somatextiles.com,https://www.somatextiles.com/,candidate,urllib_initial
somiconveyor.com,https://somiconveyor.com/,candidate,urllib_initial
somindia.com,https://somindia.com/,candidate,urllib_initial
sonacomstar.com,https://sonacomstar.com/,candidate,urllib_initial
sonahisona.com,https://sonahisona.com/,candidate,urllib_initial
sonal.co.in,https://sonal.co.in/,candidate,urllib_initial
sonalmercantile.in,https://www.sonalmercantile.in/,candidate,urllib_initial
sonamachinery.com,https://www.sonamachinery.com/,candidate,urllib_initial
sonamquartz.com,https://sonamquartz.com/,candidate,urllib_initial
sonata-software.com,https://www.sonata-software.com/,candidate,urllib_initial
sonuinfratech.com,https://www.sonuinfratech.com/,candidate,urllib_initial
sotefinbharat.com,https://www.sotefinbharat.com/,candidate,urllib_initial
source-natural.com,https://www.source-natural.com/,candidate,urllib_initial
sourceindustriesindia.com,https://sourceindustriesindia.com/,candidate,urllib_initial
southernmagnesium.com,https://www.southernmagnesium.com/,candidate,urllib_initial
southwestpinnacle.com,https://www.southwestpinnacle.com/,candidate,urllib_initial
sovereignjewellery.com,https://www.hugedomains.com/domain_profile.cfm?d=sovereignjewellery.com,candidate,urllib_initial
spacapital.com,https://www.spacapital.com/,candidate,urllib_initial
spaceincubatrics.com,https://spaceincubatrics.com/,candidate,urllib_initial
spacenetent.com,https://spacenetent.com/,candidate,urllib_initial
spandivergent.com,http://www.spandivergent.com/,candidate,urllib_initial
spapparels.com,http://www.s-p-apparels.com/,candidate,urllib_initial
sparc.life,https://sparc.life/,candidate,urllib_initial
sparcsys.com,https://sparcelectrex.com/,candidate,urllib_initial
spbltd.com,https://www.spbltd.com/,candidate,urllib_initial
speb7.com,https://www.speb7.com/,candidate,urllib_initial
speciality.co.in,https://www.speciality.co.in/,candidate,urllib_initial
specialitymedicine.com,https://www.specialitymedicine.com/,candidate,urllib_initial
spectrumfoodslimited.com,https://spectrumfoodslimited.com/,candidate,urllib_initial
spencersretail.com,https://www.spencersretail.com/,candidate,urllib_initial
spentasocks.com,https://www.spentasocks.com/,candidate,urllib_initial
spic.in,https://www.spic.in/,candidate,urllib_initial
spicejet.com,https://www.spicejet.com/,candidate,urllib_initial
spicelounge.in,https://spicelounge.in/,candidate,urllib_initial
spino.co.in,https://spino.co.in/,candidate,urllib_initial
splsolar.in,https://splsolar.in/,candidate,urllib_initial
spml.co.in,https://www.spml.co.in/,candidate,urllib_initial
sportking.co.in,https://sportking.co.in/,candidate,urllib_initial
spppolymer.com,https://spppolymer.com/,candidate,urllib_initial
sprefractories.com,https://www.sprefractories.com/,candidate,urllib_initial
spsl.com,http://www.spsl.com/,candidate,urllib_initial
spunweb.com,https://www.spunweb.com/,candidate,urllib_initial
squarefourgroup.in,https://www.squarefourgroup.in/,candidate,urllib_initial
srdyechem.com,http://www.srdyechem.com/,candidate,urllib_initial
sreechem.in,https://www.sreechem.in/,candidate,urllib_initial
sreekailas.com,https://www.sreekailas.com/,candidate,urllib_initial
sreeleathers.com,https://sreeleathers.com/,candidate,urllib_initial
srestha.co.in,https://www.srestha.co.in/,candidate,urllib_initial
srgfin.com,https://www.srgfin.com/,candidate,urllib_initial
srghousing.com,https://www.srghousing.com/,candidate,urllib_initial
srhhl.com,https://www.srhhl.com/,candidate,urllib_initial
srigee.com,https://www.srigee.com/,candidate,urllib_initial
srinibaspradhan.com,https://www.srinibaspradhan.com/,candidate,urllib_initial
srivarispices.com,https://www.srivarispices.com/,candidate,urllib_initial
srmcpl.com,https://srmcpl.com/,candidate,urllib_initial
srmenergy.in,https://www.srmenergy.in/,candidate,urllib_initial
srmtl.com,https://www.srmtl.com/,candidate,urllib_initial
sroel.com,https://www.sroel.com/,candidate,urllib_initial
srsl.in,https://www.srsl.in/,candidate,urllib_initial
srusteels.in,https://srusteels.in/,candidate,urllib_initial
ssilindia.net,https://www.ssilindia.net/,candidate,urllib_initial
sskl.co.in,https://sskl.co.in/,candidate,urllib_initial
sspdl.com,https://www.sspdl.com/,candidate,urllib_initial
sspn.co.in,https://www.sspn.co.in/,candidate,urllib_initial
sspower.com,https://sspower.com/,candidate,proxy_curl
sssinfo.in,https://www.sssinfo.in/,candidate,urllib_initial
sswlindia.com,https://www.sswlindia.com/,candidate,urllib_initial
sswrl.com,https://www.sswrl.com/,candidate,urllib_initial
stallionfluorochemicals.com,https://stallionfluorochemicals.com/,candidate,urllib_initial
stampedecap.com,https://stampedecap.com/,candidate,urllib_initial
stanbikagro.com,https://www.stanbikagro.com/,candidate,urllib_initial
stancap.co.in,https://www.stancap.co.in/,candidate,urllib_initial
standardbatteries.co.in,https://www.standardbatteries.co.in/,candidate,urllib_initial
standardglr.com,https://www.standardengtech.com/,candidate,urllib_initial
standardindustries.co,http://www.standardindustries.co/,candidate,urllib_initial
standardsurfactants.com,https://standardsurfactants.com/,candidate,urllib_initial
stanleylifestyles.com,https://www.stanleylifestyles.com/,candidate,urllib_initial
stanpacks.in,https://stanpacks.in/,candidate,urllib_initial
stanrosefinvest.com,https://www.stanrosefinvest.com/,candidate,urllib_initial
starcement.co.in,https://www.starcement.co.in/,candidate,urllib_initial
starcominfotech.com,https://www.starcominfotech.com/,candidate,urllib_initial
stardeltatransformers.com,https://www.stardeltatransformers.com/,candidate,urllib_initial
starhealth.in,https://www.starhealth.in/,candidate,urllib_initial
starimaging.in,https://www.starimaging.in/,candidate,urllib_initial
starlog.in,https://starlog.in/,candidate,urllib_initial
starpapers.com,https://starpapers.com/,candidate,urllib_initial
stcl.co.in,https://www.stcl.co.in/,candidate,urllib_initial
steelcast.net,https://www.steelcast.net/,candidate,urllib_initial
steelcitynettrade.com,https://www.steelcitynettrade.com/,candidate,urllib_initial
steelcraft.co.in,http://www.steelcraft.co.in/,candidate,urllib_initial
steelfiberindia.in,https://www.steelfiberindia.in/,candidate,urllib_initial
steelmantelecom.com,https://www.steelmantelecom.com/,candidate,urllib_initial
stellarcapital.in,https://www.stellarcapital.in/,candidate,urllib_initial
steptwo.in,https://www.steptwo.in/,candidate,urllib_initial
sterlingandwilsonre.com,https://www.sterlingandwilsonre.com/,candidate,urllib_initial
sterlinggreenwoods.com,https://sterlinggreenwoods.com/,candidate,urllib_initial
stg-india.com,https://www.switchingtechnologiesguntherltd.com/,candidate,urllib_initial
stl-global.com,https://www.stl-global.com/,candidate,urllib_initial
stl.tech,https://stl.tech/,candidate,urllib_initial
stlfasteners.com,https://stlfasteners.com/,candidate,urllib_initial
stmpl.co.in,https://www.stmpl.co.in/,candidate,urllib_initial
stocksandsecurities.adityabirlacapital.com,https://stocksandsecurities.adityabirlacapital.com/,candidate,urllib_initial
stovec.com,https://www.spgprints.com/stovec-investor-page,candidate,urllib_initial
stovekraft.com,https://www.stovekraft.com/,candidate,urllib_initial
stratmontindustries.com,https://stratmontind.com/,candidate,urllib_initial
striders.biz,https://www.striders.biz/,candidate,urllib_initial
strides.com,https://www.strides.com/,candidate,urllib_initial
stringmetaverse.com,https://www.stringmetaverse.com/,candidate,urllib_initial
studds.com,https://www.studds.com/,candidate,urllib_initial
studiolsd.in,https://www.studiolsd.in/,candidate,urllib_initial
stylam.com,https://www.stylam.com/,candidate,urllib_initial
stylebaazar.in,https://stylebaazar.in/,candidate,urllib_initial
styrenix.com,https://styrenix.com/,candidate,urllib_initial
subahotels.com,https://www.subahotels.com/,candidate,urllib_initial
subex.com,https://www.subex.com/,candidate,urllib_initial
subhashsilkmills.com,https://www.subhashsilkmills.com/,candidate,urllib_initial
subros.com,https://www.subros.com/,candidate,urllib_initial
sudal.co.in,http://www.sudal.co.in/,candidate,urllib_initial
sudarshanpharma.com,https://www.sudarshanpharma.com/,candidate,urllib_initial
sudeeppharma.com,https://www.sudeeppharma.com/,candidate,urllib_initial
suditi.in,https://suditi.in/,candidate,urllib_initial
sugalshare.com,https://www.sugalshare.com/,candidate,urllib_initial
sugslloyds.com,https://www.sugslloyds.com/,candidate,urllib_initial
sujalagroup.com,http://www.sujalagroup.com/,candidate,urllib_initial
sukhjitgroup.com,https://www.sukhjitgroup.com/,candidate,urllib_initial
sulabh.org.in,https://www.sulabh.org.in/,candidate,urllib_initial
sulavineyards.com,https://sulavineyards.com/,candidate,urllib_initial
sumedhafiscal.com,https://www.sumedhafiscal.com/,candidate,urllib_initial
sumeetindustries.com,https://www.sumeetindustries.com/,candidate,urllib_initial
sumichem.co.in,https://www.sumichem.co.in/,candidate,urllib_initial
sumitwoods.com,https://sumitwoods.com/,candidate,urllib_initial
summitsecurities.net,https://www.summitsecurities.net/,candidate,urllib_initial
sundaram-clayton.com,https://www.sundaram-clayton.com/,candidate,urllib_initial
sundaramfinance.in,https://sundaramfinance.in/,candidate,urllib_initial
sundaramgroups.in,https://www.sundaramgroups.in/,candidate,urllib_initial
sundaramholdings.in,https://tsfinvestments.com/,candidate,urllib_initial
sundram.com,https://www.sundram.com/,candidate,urllib_initial
sundrex.com,https://www.sundrex.com/,candidate,urllib_initial
sundropbrands.com,https://www.sundropbrands.com/,candidate,urllib_initial
sungarner.com,https://www.sungarner.com/,candidate,urllib_initial
sungoldcapitallimited.com,https://www.sungoldcapitallimited.com/,candidate,urllib_initial
sungoldmediaent.com,https://sungoldmediaent.com/,candidate,urllib_initial
sunilagro.in,https://sunilagro.in/,candidate,urllib_initial
sunilhealthcare.com,https://www.sunilhealthcare.com/,candidate,urllib_initial
sunitatools.com,https://www.sunitatools.com/,candidate,urllib_initial
sunliteindustries.com,https://www.sunliteindustries.com/,candidate,urllib_initial
sunpharma.com,https://sunpharma.com/,candidate,india_proxy
sunrakshakk.com,http://www.sunrakshakk.com/,candidate,urllib_initial
sunrestlifescience.com,https://sunrestlifescience.com/,candidate,urllib_initial
sunriseefficientmarketing.com,https://sunriseefficientmarketing.com/update-home/,candidate,urllib_initial
sunshieldchemicals.com,https://sunshieldchemicals.com/,candidate,urllib_initial
sunshinepictures.in,https://sunshinepictures.in/,candidate,urllib_initial
sunskylogistics.com,https://www.sunskylogistics.com/,candidate,urllib_initial
suntechinfra.com,https://suntechinfra.com/,candidate,urllib_initial
sunteckindia.com,https://www.sunteckindia.com/,candidate,urllib_initial
supercropsafe.in,https://supercropsafe.in/,candidate,urllib_initial
superhouse.in,https://www.superhouse.in/,candidate,urllib_initial
superiorfinlease.com,https://www.superiorfinlease.com/,candidate,urllib_initial
superiorindustrial.in,https://www.superiorindustrial.in/,candidate,urllib_initial
superironfoundry.com,https://superironfoundry.com/,candidate,urllib_initial
supersales.co.in,https://www.supersales.co.in/,candidate,urllib_initial
supershaktimetaliks.com,https://supershaktimetaliks.com/,candidate,urllib_initial
supershuddhatta.com,https://www.superbread.com/,candidate,urllib_initial
superspinning.com,https://www.superspinning.com/,candidate,urllib_initial
supertannery.com,https://supertannery.com/,candidate,urllib_initial
supertechev.in,https://supertechev.com/,candidate,urllib_initial
supertex.in,https://www.supertex.in/,candidate,urllib_initial
suprajit.com,https://suprajit.com/,candidate,urllib_initial
suprapacific.com,https://www.suprapacific.com/,candidate,urllib_initial
supreme.co.in,https://www.supreme.co.in/,candidate,urllib_initial
supremefacility.com,https://supremefacility.com/,candidate,urllib_initial
supremeholdings.net,https://www.supremeholdings.net/,candidate,urllib_initial
supremeinfra.com,https://www.supremeinfra.com/,candidate,urllib_initial
supremepetrochem.com,https://supremepetrochem.com/,candidate,urllib_initial
supremepower.in,https://www.supremepower.in/,candidate,urllib_initial
supremesteels.com,https://supremesteels.com/,candidate,urllib_initial
supriyalifescience.com,https://www.supriyalifescience.com/,candidate,urllib_initial
surajestate.com,https://surajestate.com/,candidate,urllib_initial
surajgroup.com,https://www.surajgroup.com/,candidate,urllib_initial
surajindustries.org,https://www.surajindustries.org/,candidate,urllib_initial
surajproducts.com,https://www.surajproducts.com/,candidate,urllib_initial
surakshanet.com,https://www.surakshanet.com/,candidate,urllib_initial
suranatele.com,https://www.suranatele.com/,candidate,urllib_initial
suranaventures.com,https://www.hugedomains.com/domain_profile.cfm?d=suranaventures.com,candidate,urllib_initial
surattextilemillsltd.com,http://www.stml.in,candidate,urllib_initial
suratwwala.co.in,https://www.suratwwala.co.in/,candidate,urllib_initial
surbhi.com,https://www.surbhi.com/,candidate,urllib_initial
suryaamba.com,https://www.suryaamba.com/,candidate,urllib_initial
suryalakshmi.com,http://www.suryalakshmi.com/,candidate,urllib_initial
suryapalace.com,https://www.suryapalace.com/,candidate,urllib_initial
suryasalt.com,https://suryasalt.com/,candidate,urllib_initial
suryavanshi.com,http://www.suryavanshi.com/,candidate,urllib_initial
sutlejtextiles.com,https://www.sutlejtextiles.com/,candidate,urllib_initial
suven.com,https://www.suven.com/,candidate,urllib_initial
suvidhaa.com,https://www.suvidhaa.com/,candidate,urllib_initial
suzlon.com,https://www.suzlon.com/,candidate,urllib_initial
svamsoftwareltd.in,https://www.svamsoftwareltd.in/,candidate,urllib_initial
svarajtrading.com,https://www.svarajtrading.com/,candidate,urllib_initial
svarnim.com,https://www.hugedomains.com/domain_profile.cfm?d=svarnim.com,candidate,urllib_initial
svcindustriesltd.com,https://svcindustriesltd.com/,candidate,urllib_initial
svendgaard.com,https://www.svendgaard.com/,candidate,urllib_initial
svgml.com,https://www.svgml.com/,candidate,urllib_initial
svjenterprises.co.in,https://svjenterprises.co.in/,candidate,urllib_initial
svpglobal.co.in,https://www.svpglobal.co.in/,candidate,urllib_initial
svsventures.co.in,https://svsventures.co.in/,candidate,urllib_initial
sw1india.com,https://www.sw1india.com/,candidate,urllib_initial
swadeshiglobal.com,https://www.swadeshiglobal.com/,candidate,urllib_initial
swagtam.com,https://www.swagtam.com/Home.html,candidate,urllib_initial
swan.co.in,https://www.swan.co.in/,candidate,urllib_initial
swanagro.in,https://www.swanagro.in/,candidate,urllib_initial
swarajenterprise.com,https://www.swarajenterprise.com/,candidate,urllib_initial
swarajsuiting.com,https://www.swarajsuiting.com/,candidate,urllib_initial
swarnsarita.com,https://www.swarnsarita.com/,candidate,urllib_initial
swashthikplascon.com,https://swashthikplascon.com/,candidate,urllib_initial
swasthfoodtech.com,https://www.swasthfoodtech.com/,candidate,urllib_initial
swastika.co.in,https://www.swastika.co.in/,candidate,urllib_initial
swastikpipes.com,https://swastikpipes.com/,candidate,urllib_initial
swastivinayaka.com,https://www.swastivinayaka.com/,candidate,urllib_initial
swastivinayakaart.co.in,https://www.swastivinayakaart.co.in/,candidate,urllib_initial
swatiprojects.com,https://www.swatiprojects.com/,candidate,urllib_initial
sweetdreams.in,https://www.sweetdreams.in/,candidate,urllib_initial
swelectes.com,https://www.swelectes.com/,candidate,urllib_initial
swiggy.com,https://www.swiggy.com/,candidate,urllib_initial
sybly.com,https://www.sybly.com/,candidate,urllib_initial
sylphtechnologies.com,http://www.sylphtechnologies.com/,candidate,urllib_initial
symbiotec.com,https://www.symbiotec.com/,candidate,urllib_initial
symbioxinvestment.com,https://www.symbioxinvestment.com/,candidate,urllib_initial
symphonylimited.com,https://symphonylimited.com/,candidate,urllib_initial
syncomformulations.com,https://syncomformulations.com/,candidate,urllib_initial
synergygreenind.com,https://synergygreenind.com/,candidate,urllib_initial
syngeneintl.com,https://www.syngeneintl.com/,candidate,urllib_initial
synoptics.co.in,https://synoptics.co.in/,candidate,urllib_initial
syrmasgs.com,https://syrmasgs.com/,candidate,urllib_initial
syschem.in,https://www.syschem.in/,candidate,urllib_initial
systango.com,https://www.systango.com/,candidate,urllib_initial
systematicindustries.com,https://systematicindustries.com/,candidate,urllib_initial
systematixgroup.in,https://www.systematixgroup.in/,candidate,urllib_initial
systematixsecurities.in,https://www.systematixsecurities.in/,candidate,urllib_initial
taal.co.in,https://taal.co.in/,candidate,urllib_initial
taalent.co.in,https://www.taaltech.com/,candidate,urllib_initial
taazastores.com,https://www.taazastores.com/,candidate,urllib_initial
tacfert.in,https://tacfert.in/,candidate,urllib_initial
tacsecurity.com,https://tacsecurity.com/,candidate,urllib_initial
tahmar.in,https://www.tahmar.in/,candidate,urllib_initial
taiind.com,https://www.taiind.com/,candidate,urllib_initial
tainwala.in,https://www.tainwala.in/,candidate,urllib_initial
tajgvk.in,http://www.tajgvk.in/,candidate,urllib_initial
takyon.co.in,https://www.takyon.co.in/,candidate,urllib_initial
talbros.com,https://www.talbros.com/,candidate,urllib_initial
tambolicapital.in,https://tamboliindustries.com/,candidate,urllib_initial
tamilnadusteeltubesltd.com,https://www.tamilnadusteeltubesltd.com/,candidate,urllib_initial
tanfac.com,https://tanfac.com/,candidate,urllib_initial
tankup.co.in,https://www.tankup.co.in/,candidate,urllib_initial
tanlasolutions.com,https://tanla.com/,candidate,urllib_initial
tantiagroup.com,https://twamevcons.com/,candidate,urllib_initial
tanvifoods.com,https://tanvifoods.com/,candidate,urllib_initial
tapariatools.com,https://www.tapariatools.com/,candidate,urllib_initial
tapifood.com,https://www.tapifood.com/,candidate,urllib_initial
tarachandindia.in,https://tarachandindia.in/,candidate,proxy_curl
tarapurtransformers.com,https://www.tarapurtransformers.com/,candidate,urllib_initial
tarc.in,https://www.tarc.in/,candidate,urllib_initial
tariniinfra.com,https://www.tariniinfra.com/,candidate,urllib_initial
tarmat.in,https://www.tarmat.in/,candidate,urllib_initial
tarsons.com,https://www.tarsons.com/,candidate,urllib_initial
tastybite.co.in,https://www.tastybite.co.in/,candidate,urllib_initial
tastydairy.com,https://www.tastydairy.com/,candidate,urllib_initial
tatacapital.com,https://www.tatacapital.com/,candidate,urllib_initial
tatacommunications.com,https://www.tatacommunications.com/,candidate,urllib_initial
tataconsumer.com,https://www.tataconsumer.com/,candidate,urllib_initial
tataelxsi.com,https://www.tataelxsi.com/,candidate,urllib_initial
tatainvestment.com,https://tatainvestment.com/,candidate,urllib_initial
tatamotors.com,https://www.tatamotors.com/,candidate,india_proxy
tatapower.com,https://www.tatapower.com/,candidate,urllib_initial
tatatechnologies.com,https://www.tatatechnologies.com/en/,candidate,urllib_initial
tatateleservices.com,https://www.tatatelebusiness.com/,candidate,urllib_initial
tatia.co.in,https://www.tatia.co.in/,candidate,urllib_initial
tatvachintan.com,https://www.tatvachintan.com/,candidate,urllib_initial
taurianmps.com,https://taurianmps.com/,candidate,urllib_initial
tbicorn.com,https://tbicorn.com/,candidate,urllib_initial
tbo.com,https://www.tbo.com/,candidate,urllib_initial
tccltd.in,https://tccltd.in/,candidate,urllib_initial
tcfcfinance.com,https://www.tcfcfinance.com/,candidate,urllib_initial
tciexpress.in,https://www.tciexpress.in/,candidate,urllib_initial
tcifl.in,https://www.tcifl.in/,candidate,urllib_initial
tciil.in,https://www.tciil.in/,candidate,urllib_initial
tcil.com,https://tcil.com/,candidate,urllib_initial
tcipl.in,https://www.tcipl.in/,candidate,urllib_initial
tcms.bz,http://www.tcms.bz/,candidate,urllib_initial
tcpl.in,https://www.tcpl.in/,candidate,urllib_initial
tcs.com,https://www.tcs.com/,candidate,proxy_curl
tdps.co.in,https://www.tdps.co.in/,candidate,urllib_initial
teamhgs.com,https://hgs.com/,candidate,proxy_curl
teamlease.com,https://www.teamlease.com/,candidate,proxy_curl
teamtechengg.com,https://teamtechengg.com/,candidate,urllib_initial
techdefencelabs.com,https://techdefence.ai/,candidate,urllib_initial
techera.co.in,https://www.techera.co.in/,candidate,urllib_initial
techknowgreen.com,https://www.techknowgreen.com/,candidate,urllib_initial
techmahindra.com,https://www.techmahindra.com/,candidate,urllib_initial
technichemorganics.com,https://www.technichemorganics.com/,candidate,urllib_initial
technocraftgroup.com,https://www.technocraftgroup.com/,candidate,urllib_initial
technocraftventures.com,https://www.technocraftventures.com/,candidate,urllib_initial
technocratplasma.com,https://www.technocratplasma.com/,candidate,urllib_initial
technopackltd.com,https://technopackltd.com/,candidate,urllib_initial
technvision.com,https://www.technvision.com/,candidate,urllib_initial
tecilchemicals.com,https://www.tecilchemicals.com/,candidate,urllib_initial
teerthgopicon.com,https://teerthgopicon.com/,candidate,urllib_initial
teestaagro.in,https://teestaagro.in/,candidate,urllib_initial
tegaindustries.com,https://www.tegaindustries.com/,candidate,urllib_initial
tejasnetworks.com,https://www.tejasnetworks.com/,candidate,urllib_initial
telecanor.com,https://www.telecanor.com/,candidate,urllib_initial
telgeprojects.com,https://telgeprojects.com/,candidate,urllib_initial
telogica.com,https://telogica.com/,candidate,urllib_initial
tembo.in,https://tembo.in/,candidate,urllib_initial
tempsens.com,https://tempsens.com/,candidate,urllib_initial
tennecoindia.com,https://tennecoindia.com/,candidate,urllib_initial
teraigroup.com,https://www.teraigroup.com/,candidate,urllib_initial
terasoftware.com,https://www.terasoftware.com/,candidate,urllib_initial
texinfra.in,http://www.texinfra.in/,candidate,urllib_initial
texmaco.in,https://www.texmaco.in/,candidate,urllib_initial
texmopipe.com,https://texmopipe.com/,candidate,urllib_initial
tfciltd.com,https://www.tfciltd.com/,candidate,india_proxy
tfcl.com,https://www.tfcl.com/,candidate,urllib_initial
tgbhotels.com,https://thegrandbhagwati.com/,candidate,urllib_initial
tgifagri.com,https://tgifagri.com/,candidate,urllib_initial
tgvgroup.com,https://www.tgvgroup.com/,candidate,urllib_initial
thaaicasting.com,https://www.thaaicasting.com/,candidate,urllib_initial
thacker.co.in,https://www.thacker.co.in/,candidate,urllib_initial
thakkersdevelopers.com,https://www.thakkersdevelopers.com/,candidate,urllib_initial
thakral-india.co.in,https://thakral-india.co.in/,candidate,urllib_initial
thangamayil.com,https://www.thangamayil.com/,candidate,urllib_initial
thealanscott.com,https://thealanscott.com/,candidate,urllib_initial
theandhrasugars.com,https://theandhrasugars.com/,candidate,urllib_initial
thebyke.com,https://www.thebyke.com/,candidate,urllib_initial
thechemopharmalaboratoriesltd.com,https://thechemopharmalaboratoriesltd.com/,candidate,urllib_initial
theconnplex.com,https://www.theconnplex.com/,candidate,urllib_initial
thecrayonsnetwork.com,https://thecrayonsnetwork.com/,candidate,urllib_initial
thedronedestination.com,https://www.thedronedestination.com/,candidate,urllib_initial
thejo-engg.com,https://www.thejo-engg.com/,candidate,urllib_initial
theleela.com,https://www.theleela.com/,candidate,urllib_initial
thelelavoir.com,https://thelelavoir.com/,candidate,urllib_initial
themismedicare.com,https://www.themismedicare.com/,candidate,urllib_initial
themoneyfair.com,https://www.themoneyfair.com/,candidate,urllib_initial
theparkhotels.com,https://www.theparkhotels.com/,candidate,urllib_initial
thermaxglobal.com,https://www.thermaxglobal.com/,candidate,urllib_initial
thes.in,https://thes.in/,candidate,urllib_initial
thiraniprojects.com,https://www.thiraniprojects.com/,candidate,urllib_initial
thirumalaichemicals.com,https://thirumalaichemicals.com/,candidate,urllib_initial
thomascook.in,https://www.thomascook.in/,candidate,urllib_initial
thomasscott.org,https://www.thomasscott.org/,candidate,urllib_initial
threempaper.com,https://www.threempaper.com/,candidate,urllib_initial
thrivefuturehabitats.com,https://thrivefuturehabitats.com/,candidate,urllib_initial
thyrocare.com,https://www.thyrocare.com/,candidate,proxy_curl
tierraagrotech.com,https://tierraagrotech.com/,candidate,urllib_initial
tifil.in,https://www.tifil.in/,candidate,urllib_initial
tigerlogistics.in,https://www.tigerlogistics.in/,candidate,urllib_initial
tiglobal.com,https://tiglobal.com/,candidate,urllib_initial
tihil.co.in,https://tihil.co.in/,candidate,urllib_initial
tijaria-pipes.com,https://www.tijaria-pipes.com/,candidate,urllib_initial
tilakfinance.wordpress.com,https://tilakfinance.wordpress.com/,candidate,urllib_initial
tilind.com,https://tilind.com/,candidate,urllib_initial
tilindia.in,https://www.tilindia.in/,candidate,urllib_initial
timesgreenenergy.com,https://timesgreenenergy.com/,candidate,urllib_initial
timesguarantylimited.com,https://teamindiaguarantylimited.com,candidate,urllib_initial
timetechnoplast.com,https://www.timetechnoplast.com/,candidate,urllib_initial
timexindia.com,https://www.timexindia.com/,candidate,urllib_initial
timken.com,https://www.timken.com/,candidate,urllib_initial
tinna.in,https://tinna.in/,candidate,urllib_initial
tipcoengineering.com,https://tipcoengineering.com/,candidate,urllib_initial
tips.in,https://www.tips.in/,candidate,urllib_initial
tipsfilms.in,https://tipsfilms.in/,candidate,urllib_initial
tirthlimited.in,http://www.tirthlimited.in/,candidate,urllib_initial
tirupatibalajee.net,https://www.tirupatibalajee.net/,candidate,urllib_initial
tirupatifoam.com,https://tirupatifoam.com/,candidate,urllib_initial
tirupatiforge.com,https://tirupatiforge.com/,candidate,urllib_initial
tirupatistarch.com,http://www.tirupatistarch.com/,candidate,urllib_initial
titaaniumten.co.in,https://www.titaaniumten.co.in/,candidate,urllib_initial
titagarh.in,https://www.titagarh.in/,candidate,urllib_initial
titanbiotechltd.com,https://titanbiotechltd.com/,candidate,urllib_initial
titancompany.in,https://www.titancompany.in/,candidate,urllib_initial
titanintech.in,https://titanintech.com/,candidate,urllib_initial
titansecuritieslimited.com,https://titansecuritieslimited.com/,candidate,urllib_initial
tixnatools.com,https://www.tixnatools.com/,candidate,urllib_initial
tmb.in,https://www.tmb.bank.in,candidate,urllib_initial
tnpetro.com,https://www.tnpetro.com/,candidate,urllib_initial
tnpl.com,https://tnpl.com/,candidate,urllib_initial
tobulimited.in,https://tobulimited.in/,candidate,urllib_initial
tokyofinance.in,https://tokyofinance.in/,candidate,urllib_initial
tokyoplastint.in,https://tokyoplastint.in/,candidate,urllib_initial
tolinstyres.com,https://www.tolinstyres.com/,candidate,urllib_initial
torrentpharma.com,https://www.torrentpharma.com/,candidate,urllib_initial
torrentpower.com,https://www.torrentpower.com/,candidate,india_proxy
tossthe.co.in,https://www.tossthe.co.in/,candidate,urllib_initial
touchwood.in,https://touchwood.in/,candidate,urllib_initial
toyamindustries.com,https://www.toyamindustries.com/,candidate,urllib_initial
tphq.co.in,https://www.tphq.co.in/,candidate,urllib_initial
tpiindia.in,https://www.tpiindia.in/,candidate,urllib_initial
tplplastech.in,https://www.tplplastech.in/,candidate,urllib_initial
tracxn.com,https://tracxn.com/,candidate,urllib_initial
tradeuno.com,https://www.tradeuno.com/,candidate,urllib_initial
transchem.net,https://www.transchem.net/,candidate,urllib_initial
transcorpint.com,https://www.transcorpint.com/,candidate,urllib_initial
transformerindia.com,https://www.transformerindia.com/,candidate,urllib_initial
transgenebiotek.com,https://www.transgenebiotek.com/,candidate,urllib_initial
transglobefoods.com,https://www.transglobefoods.com/,candidate,urllib_initial
transindia.co.in,https://www.transindia.co.in/,candidate,urllib_initial
transpact.in,https://transpact.in/,candidate,urllib_initial
transpek.com,https://transpek.com/,candidate,urllib_initial
transrail.in,https://transrail.in/,candidate,urllib_initial
transteel.com,https://transteel.com/,candidate,urllib_initial
transvoy.com,https://www.transvoy.com/,candidate,urllib_initial
transwarranty.com,https://www.transwarranty.com/,candidate,urllib_initial
transwind.in,https://transwind.in/,candidate,urllib_initial
transworld.com,https://www.transworld.com/,candidate,urllib_initial
tranwayinc.com,http://www.tranwayinc.com/,candidate,urllib_initial
treehouseplaygroup.net,https://treehouseplaygroup.net/,candidate,urllib_initial
trejhara.com,https://trejhara.com/,candidate,urllib_initial
trentlimited.com,https://trentlimited.com/,candidate,urllib_initial
trf.co.in,https://trf.co.in/,candidate,urllib_initial
tricomfruitproducts.com,http://www.tricomfruitproducts.com/,candidate,urllib_initial
tridentindia.com,https://www.tridentindia.com/,candidate,urllib_initial
tridentlifeline.com,https://www.tridentlifeline.com/,candidate,urllib_initial
tridenttechlabs.com,https://www.tridenttechlabs.com/,candidate,urllib_initial
tridenttexofab.com,https://tridenttexofab.com/,candidate,urllib_initial
tridhyatech.com,https://www.tridhyatech.com/,candidate,urllib_initial
trimurthidrugs.com,https://www.trimurthidrugs.com/,candidate,urllib_initial
trinitygroup.ind.in,https://www.trinitygroup.ind.in/,candidate,urllib_initial
triomercantile.com,http://www.triomercantile.com/,candidate,urllib_initial
trishakti.com,https://trishakti.com/,candidate,urllib_initial
tritonvalves.com,https://tritonvalves.com/,candidate,urllib_initial
trivenienterprisesltd.in,https://www.trivenienterprisesltd.in/,candidate,urllib_initial
triveniglassltd.com,http://www.triveniglassltd.com/,candidate,urllib_initial
trivenigroup.com,https://www.trivenigroup.com/,candidate,proxy_curl
triveniturbines.com,https://www.triveniturbines.com/,candidate,urllib_initial
trlindia.com,https://trlindia.com/,candidate,urllib_initial
tromindustries.com,https://tromindustries.com/,candidate,urllib_initial
trualtbioenergy.com,https://www.trualtbioenergy.com/,candidate,urllib_initial
trucapfinance.com,https://trucapfinance.com/,candidate,urllib_initial
truecolorsgroup.com,https://truecolorsgroup.com/,candidate,urllib_initial
tscindialimited.com,https://tscindialimited.com/,candidate,urllib_initial
ttienterprise.net,https://www.hugedomains.com/domain_profile.cfm?d=ttienterprise.net,candidate,urllib_initial
ttkhealthcare.com,https://ttkhealthcare.com/,candidate,urllib_initial
ttlofc.in,https://www.ttlofc.in/,candidate,urllib_initial
ttspl.in,https://www.ttspl.in/,candidate,urllib_initial
tttextiles.com,https://tttextiles.com/,candidate,urllib_initial
tulaseebio-ethanolltd.com,https://www.tulaseebio-ethanolltd.com/,candidate,urllib_initial
tulsyannec.co.in,https://www.tulsyannec.co.in/,candidate,urllib_initial
tunitextiles.com,https://www.tunitextiles.com/,candidate,urllib_initial
tunwal.com,https://www.tunwal.com/,candidate,urllib_initial
turtlemint.com,https://www.turtlemint.com/,candidate,urllib_initial
tvs-e.in,https://www.tvselectronics.in/,candidate,urllib_initial
tvsbrakelinings.com,https://www.tvsbrakelinings.com/,candidate,urllib_initial
tvsmotor.com,https://www.tvsmotor.com/,candidate,urllib_initial
tvsscs.com,https://www.tvsscs.com/,candidate,proxy_curl
tvstyres.com,http://www.tvstyres.com/,candidate,urllib_initial
tvvision.in,https://www.tvvision.in/,candidate,urllib_initial
twfil.com,https://www.twfil.com/,candidate,urllib_initial
tycheindustries.net,https://www.tycheindustries.net/,candidate,urllib_initial
typhoonfinancial.com,https://typhoonfinancial.com/,candidate,urllib_initial
ucobank.com,http://www.ucobank.com/,candidate,urllib_initial
udayjewellery.com,https://udayjewellery.com/,candidate,urllib_initial
uds.in,https://www.uds.in/,candidate,urllib_initial
udtechs.com,https://www.udtechs.com/,candidate,urllib_initial
udtltd.com,https://www.udtltd.com/,candidate,urllib_initial
uelonline.com,https://www.uelonline.com/,candidate,urllib_initial
ufindia.com,https://ufindia.com/,candidate,urllib_initial
uflexltd.com,https://www.uflexltd.com/,candidate,urllib_initial
uflfinance.com,https://www.uflfinance.com/,candidate,urllib_initial
ufomoviez.com,https://www.ufomoviez.com/,candidate,urllib_initial
ugrocapital.com,https://www.ugrocapital.com/,candidate,urllib_initial
uhmvacation.com,https://uhmvacation.com/,candidate,urllib_initial
uhzaveri.in,https://www.uhzaveri.in/,candidate,urllib_initial
ujaas.com,https://www.ujaas.com/,candidate,urllib_initial
ultracab.in,https://www.ultracabwires.com/,candidate,urllib_initial
ultratechcement.com,https://www.ultratechcement.com/,candidate,urllib_initial
ultrawiring.com,https://www.ultrawiring.com/,candidate,urllib_initial
umaconverter.com,https://www.umaconverter.com/,candidate,urllib_initial
umaexports.net,https://www.umaexports.net/,candidate,urllib_initial
umesl.co.in,https://www.umesl.co.in/,candidate,urllib_initial
umiyamobile.com,https://umiyamobile.com/,candidate,urllib_initial
umiyatubes.com,https://expireddomains.com/domain/umiyatubes.com?utm_source=redi,candidate,urllib_initial
uni-info.co.in,https://uni-info.co.in/,candidate,urllib_initial
uniabex.com,https://uniabex.com/,candidate,urllib_initial
unichemlabs.com,https://www.unichemlabs.com/,candidate,urllib_initial
unicommerce.com,https://unicommerce.com/,candidate,urllib_initial
unihealthonline.com,https://www.unihealthonline.com/,candidate,urllib_initial
unilexcolours.in,https://unilexcolours.in/,candidate,urllib_initial
unimechaerospace.com,https://www.unimechaerospace.com/,candidate,urllib_initial
unimodeoverseas.in,https://www.unimodeoverseas.in/,candidate,urllib_initial
unipartsgroup.com,https://www.unipartsgroup.com/,candidate,urllib_initial
uniproltd.com,https://uniprotechnologiesltd.com,candidate,urllib_initial
uniqueorganics.com,https://uniqueorganics.com/,candidate,urllib_initial
uniroyalgroup.com,https://www.uniroyalgroup.com/,candidate,urllib_initial
unisem.in,https://unisem.in/,candidate,urllib_initial
unishire.com,https://unishire.com/,candidate,urllib_initial
unisongroup.net,https://www.unisongroup.net/,candidate,urllib_initial
unitechgroup.com,https://www.unitechgroup.com/,candidate,urllib_initial
unitechinternational.in,https://unitechinternational.in/,candidate,urllib_initial
unitedbreweries.com,https://www.unitedbreweries.com/age-gate/1,candidate,urllib_initial
unitedcreditltd.com,https://unitedcreditltd.com/,candidate,urllib_initial
unitedheat.net,https://unitedheat.net/,candidate,urllib_initial
unitedinteractive.in,https://www.unitedinteractive.in/,candidate,urllib_initial
unitednilgiritea.com,https://unitednilgiritea.com/,candidate,urllib_initial
unitedtextileslimited.com,https://unitedtextileslimited.com/,candidate,urllib_initial
univastu.com,https://univastu.com/,candidate,urllib_initial
universal-arts.in,https://universal-arts.in/,candidate,urllib_initial
universalstarch.com,https://www.universalstarch.com/,candidate,urllib_initial
universusphotoimagings.com,http://www.universusphotoimagings.com/,candidate,urllib_initial
unjhaformulations.com,https://www.unjhaformulations.com/,candidate,urllib_initial
unominda.com,https://www.unominda.com/,candidate,urllib_initial
upasanafinance.com,https://www.upasanafinance.com/,candidate,urllib_initial
upgl.in,http://www.upgl.in/,candidate,urllib_initial
upl-ltd.com,https://www.upl-ltd.com/,candidate,urllib_initial
upsurgeinvestment.com,https://upsurgeinvestment.com/,candidate,urllib_initial
urbancompany.com,https://www.urbancompany.com/,candidate,urllib_initial
urbanenviroltd.com,https://www.urbanenviroltd.com/,candidate,urllib_initial
urbanunited.in,https://urbanunited.in/,candidate,urllib_initial
urjaglobal.in,https://www.urjaglobal.in/,candidate,urllib_initial
usaseedslimited.com,https://www.usaseedslimited.com/,candidate,urllib_initial
ushaascot.com,https://www.ushaascot.com/,candidate,urllib_initial
ushafinancial.com,https://www.ushafinancial.com/,candidate,urllib_initial
ushanti.com,https://ushanti.com/,candidate,urllib_initial
utimf.com,https://www.utimf.com/,candidate,urllib_initial
utique.in,https://utique.in/,candidate,urllib_initial
utkalspeciality.com,https://utkalspeciality.com/,candidate,urllib_initial
utkarsh.bank,https://www.utkarsh.bank.in/,candidate,urllib_initial
utlindustries.com,https://www.utlindustries.com/,candidate,urllib_initial
utlsolarfujiyama.com,https://www.utlsolarfujiyama.com/,candidate,urllib_initial
utssavjewels.com,https://utssavjewels.com/,candidate,urllib_initial
uttamsugar.in,https://www.uttamsugar.in/,candidate,urllib_initial
uvdhl.com,http://www.uvdhl.com/,candidate,urllib_initial
uyfincorp.com,https://uyfincorp.com/,candidate,urllib_initial
v-marc.com,https://www.v-marc.com/,candidate,urllib_initial
v2retail.com,https://v2retail.com/,candidate,urllib_initial
vaarad.com,https://vaarad.com/,candidate,urllib_initial
vadilalgroup.com,https://www.vadilalgroup.com/,candidate,urllib_initial
vaghanitechnobuild.com,https://www.vaghanitechnobuild.com/,candidate,urllib_initial
vahhchemicals.com,https://vahhchemicals.com/,candidate,urllib_initial
vaibhavglobal.com,https://www.vaibhavglobal.com/,candidate,proxy_curl
vaibhavjewellers.com,https://www.vaibhavjewellers.com/,candidate,urllib_initial
vaksonsautomobiles.com,https://vaksonsautomobiles.com/,candidate,urllib_initial
valenciaindia.in,https://www.valenciaindia.in/,candidate,urllib_initial
valencianutrition.com,https://valencianutrition.com/,candidate,urllib_initial
valiantcom.com,https://www.valiantcom.com/,candidate,urllib_initial
valiantlabs.in,https://www.valiantlabs.in/,candidate,urllib_initial
valiantorganics.com,https://www.valiantorganics.com/,candidate,urllib_initial
valplastech.com,https://valplastech.com/,candidate,urllib_initial
valsonindia.com,https://valsonindia.com/,candidate,urllib_initial
value360india.com,https://www.value360india.com/,candidate,urllib_initial
vamaind.com,https://vamaind.com/,candidate,urllib_initial
vamshirubber.org,https://www.vamshirubber.org/,candidate,urllib_initial
vandanafashion.com,https://www.vandanafashion.com/,candidate,urllib_initial
vandanaknitwear.com,http://www.vandanaknitwear.com/,candidate,urllib_initial
vandanfoods.in,https://www.vandanfoods.in/,candidate,urllib_initial
vanicommercials.com,https://vanicommercials.com/,candidate,urllib_initial
vantabio.com,https://www.vantabio.com/,candidate,urllib_initial
vapienterprise.com,https://vapienterprise.com/,candidate,urllib_initial
vardhancapital.com,https://vardhancapital.com/,candidate,urllib_initial
vardhman.com,https://www.vardhman.com/,candidate,urllib_initial
vardhman.in,http://www.vardhman.in/,candidate,urllib_initial
vardhmanacrylics.com,https://www.vardhmanacrylics.com/,candidate,urllib_initial
vardhmansteel.com,https://www.vardhmansteel.com/,candidate,urllib_initial
varimanglobal.com,https://www.varimanglobal.com/,candidate,urllib_initial
varunbeverages.com,https://www.varunbeverages.com:443/,candidate,urllib_initial
varyaacreations.com,https://varyaacreations.com/,candidate,urllib_initial
vasavitapes.com,https://www.vasavitapes.com/,candidate,urllib_initial
vascon.com,https://www.vascon.com/,candidate,urllib_initial
vashishthaluxuryfashion.com,https://vashishthaluxuryfashion.com/,candidate,urllib_initial
vaswaniindustries.com,https://www.vaswaniindustries.com/,candidate,urllib_initial
vaxtexcotfab.com,http://www.vaxtexcotfab.com/,candidate,urllib_initial
vbdesai.com,https://vbdesai.com/,candidate,urllib_initial
vbshilpa.com,https://www.vbshilpa.com/,candidate,urllib_initial
vckgroup.com,https://vckgroup.com/,candidate,urllib_initial
vcupack.com,https://vcupack.com/,candidate,urllib_initial
vdealsystem.com,https://vdealsystem.com/,candidate,urllib_initial
vedantaaluminium.com,https://vedantaaluminium.com/,candidate,urllib_initial
vedantaironandsteel.com,https://www.vedantaironandsteel.com/,candidate,urllib_initial
vedantalimited.com,https://www.vedantalimited.com/,candidate,urllib_initial
vedantaoilandgas.com,https://www.vedantaoilandgas.com/,candidate,urllib_initial
vedantapower.com,https://www.vedantapower.com/,candidate,urllib_initial
vedantasset.com,https://vedantasset.com/,candidate,urllib_initial
vedantfashions.com,https://www.vedantfashions.com/,candidate,urllib_initial
vedavaag.com,https://www.vedavaag.com/,candidate,urllib_initial
veedolindia.com,https://www.veedolindia.com/,candidate,urllib_initial
veefin.com,https://www.veefin.com/,candidate,urllib_initial
veegaland.com,https://www.veegaland.com/,candidate,urllib_initial
veejaylakshmi.com,https://www.veejaylakshmi.com/,candidate,urllib_initial
veeraminfra.com,https://www.veeraminfra.com/,candidate,urllib_initial
veerenergy.net,https://veerenergy.net/,candidate,urllib_initial
veergloballtd.com,https://veergloballtd.com/,candidate,urllib_initial
veerhealthcare.net,https://veerhealthcare.net/,candidate,urllib_initial
veerkrupajewellers.com,https://www.veerkrupajewellers.com/,candidate,urllib_initial
velanhotels.com,https://www.velanhotels.com/,candidate,urllib_initial
veljan.in,https://www.veljan.in/index.html,candidate,urllib_initial
venkys.com,https://venkys.com/,candidate,urllib_initial
venlon.com,http://www.venlon.com/,candidate,urllib_initial
venmaxdrugs.com,https://www.venmaxdrugs.com/,candidate,urllib_initial
ventivehospitality.com,https://www.ventivehospitality.com/,candidate,urllib_initial
venuspipes.com,https://www.venuspipes.com/,candidate,urllib_initial
venusremedies.com,https://www.venusremedies.com/,candidate,urllib_initial
verandalearning.com,https://www.verandalearning.com/web/index.php,candidate,urllib_initial
veritaasadvertising.com,https://www.veritaasadvertising.com/,candidate,urllib_initial
veritasindia.net,https://www.veritasindia.net/,candidate,urllib_initial
vertexbroking.com,https://www.vertexbroking.com/,candidate,urllib_initial
vertexplus.com,https://www.vertexplus.com/,candidate,urllib_initial
vertoz.com,https://www.vertoz.com/,candidate,urllib_initial
vesuvius.com,https://www.vesuvius.com/,candidate,urllib_initial
vetoswitchgears.com,https://www.vetoswitchgears.com/,candidate,urllib_initial
vfsl.org,https://vfsl.visagar.com/,candidate,urllib_initial
vgipl.com,https://www.vgipl.com/,candidate,urllib_initial
vgpl.in,https://vgpl.in/,candidate,urllib_initial
vguard.in,https://www.vguard.in/,confirmed,direct_noverify
viaztyres.com,https://www.viaztyres.com/,candidate,urllib_initial
vibrantglobalgroup.com,https://www.vibrantglobalgroup.com/,candidate,urllib_initial
viceroyhotels.in,https://www.viceroyhotels.in/,candidate,urllib_initial
victoryevindia.com,https://victoryevindia.com/,candidate,urllib_initial
vidhifoodcolors.com,https://vidhifoodcolors.com/,candidate,urllib_initial
vidhutcables.com,https://www.vidhutcables.com/,candidate,urllib_initial
vigorplastindia.com,https://www.vigorplastindia.com/,candidate,urllib_initial
vijayadiagnostic.com,https://www.vijayadiagnostic.com/,candidate,urllib_initial
vijaypdceutical.com,https://www.vijaypdceutical.com/,candidate,urllib_initial
vijaytextiles.in,https://www.vijaytextiles.in/,candidate,urllib_initial
vijifinance.com,https://www.vijifinance.com/,candidate,urllib_initial
vikalpsecurities.com,http://www.vikalpsecurities.com/,candidate,urllib_initial
vikasecotech.com,http://vikasecotech.com/,candidate,urllib_initial
vikaslifecarelimited.com,https://www.vikaslifecarelimited.com/,candidate,urllib_initial
vikaswspltd.in,https://vikaswspltd.in/,candidate,urllib_initial
vikramaroma.com,https://vikramaroma.com/,candidate,urllib_initial
vikramsolar.com,https://www.vikramsolar.com/,candidate,urllib_initial
vikramthermo.com,https://www.vikramthermo.com/,candidate,urllib_initial
vikrangroup.com,https://www.vikrangroup.com/,candidate,urllib_initial
vilastranscore.com,https://www.vilastranscore.com/,candidate,urllib_initial
vilinbiomed.co.in,https://vilinbio.com,candidate,urllib_initial
vimta.com,https://vimta.com/,candidate,urllib_initial
vinatiorganics.com,https://vinatiorganics.com/,candidate,urllib_initial
vinayakpolycon.com,https://www.vinayakpolycon.com/,candidate,urllib_initial
vineetlabs.co.in,https://vineetlabs.co.in/,candidate,urllib_initial
vinnyoverseas.in,https://www.vinnyoverseas.in/,candidate,urllib_initial
vinsys.com,https://www.vinsys.com/,candidate,urllib_initial
vintage-securities.com,https://www.vintage-securities.com/,candidate,urllib_initial
vintagecoffee.in,https://www.vintagecoffee.in/index.html,candidate,urllib_initial
vinyasit.com,https://www.vinyasit.com/,candidate,urllib_initial
vinylchemicals.com,https://vinylchemicals.com/,candidate,urllib_initial
vinyoflex.com,https://vinyoflex.com/,candidate,urllib_initial
vipclothing.in,https://www.vipclothing.in/,candidate,urllib_initial
vipindustries.co.in,https://www.vipindustries.co.in/,candidate,urllib_initial
vippyspinpro.com,https://vippyspinpro.com/,candidate,urllib_initial
vipulgroup.in,https://www.vipulgroup.in/,candidate,urllib_initial
vipulorganics.com,https://www.vipulorganics.com/,candidate,urllib_initial
viratindustries.com,http://www.viratindustries.com/,candidate,urllib_initial
virinchi.com,https://www.virinchi.com/,candidate,urllib_initial
visagarpolytex.in,https://vpl.visagar.com/,candidate,urllib_initial
visaka.co,https://www.visaka.co/,candidate,urllib_initial
visamanglobalsales.com,https://visamanglobalsales.com/,candidate,urllib_initial
visasteel.com,https://www.visasteel.com/,candidate,urllib_initial
viscotradeassociates.in,https://viscotradeassociates.in/,candidate,urllib_initial
vishalbearings.com,https://vishalbearings.com/,candidate,urllib_initial
vishalfabricsltd.com,https://vishalfabricsltd.com/,candidate,urllib_initial
vishnuchemicals.com,https://vishnuchemicals.com/,candidate,urllib_initial
vishnusurya.com,https://www.vishnusurya.com/,candidate,urllib_initial
vishvprabhaventures.com,https://vishvprabhaventures.com/,candidate,urllib_initial
vishwasagriseeds.com,https://www.vishwasagriseeds.com/,candidate,urllib_initial
visioncinemas.in,https://www.visioncinemas.in/,candidate,urllib_initial
visioncorpltd.com,http://visioncorpltd.com/,candidate,urllib_initial
visioninfraindia.com,https://www.visioninfraindia.com/,candidate,urllib_initial
vistapharmaceuticals.com,http://www.vistapharmaceuticals.com/,candidate,urllib_initial
vistaramar.com,https://www.vistaramar.com/,candidate,urllib_initial
vitalgroup.co.in,https://www.vitalgroup.co.in/,candidate,urllib_initial
vivaatrade.com,https://www.vivaatrade.com/,candidate,urllib_initial
vivantaindustries.com,https://www.vivantaindustries.com/,candidate,urllib_initial
vivanzabiosciences.com,https://www.vivanzabiosciences.com/,candidate,urllib_initial
vivianagroup.in,https://www.vivianagroup.in/,candidate,urllib_initial
vividglobalinds.com,http://www.vividglobalinds.com/,candidate,urllib_initial
vividgroup.in,https://vividgroup.in/,candidate,urllib_initial
vivimedlabs.com,https://www.vivimedlabs.com/,candidate,urllib_initial
vivobio.com,http://www.vivobio.com/,candidate,urllib_initial
vjtf.com,https://www.vjtf.com/,candidate,urllib_initial
vlegovernance.in,https://www.vlegovernance.in/,candidate,urllib_initial
vlil.in,https://www.vlil.in/,candidate,india_proxy
vll.co.in,https://www.vll.co.in/,candidate,urllib_initial
vlsfinance.com,https://www.vlsfinance.com/,candidate,urllib_initial
vmart.co.in,https://www.vmart.co.in/,candidate,urllib_initial
vmsil.in,https://www.vmsil.in/,candidate,urllib_initial
vmstmt.com,https://vmstmt.com/,candidate,urllib_initial
voepl.com,http://www.voepl.com/,candidate,urllib_initial
voithpaperfabricsindia.com,https://redirect.voith.com/index2.php?R=D762D6E92D718,candidate,urllib_initial
volercars.com,https://volercars.com/,candidate,urllib_initial
volfltd.com,https://www.volfltd.com/,candidate,urllib_initial
voltamptransformers.com,https://www.voltamptransformers.com/,candidate,urllib_initial
voltas.com,https://www.voltas.com/,candidate,urllib_initial
vpbil.com,https://vpbil.com/,candidate,urllib_initial
vprp.co.in,https://www.vprp.co.in/,candidate,urllib_initial
vrfilms.in,https://vrfilms.in/,candidate,urllib_initial
vrinfraspace.in,https://vrinfraspace.in/,candidate,urllib_initial
vrlgroup.in,https://vrlgroup.in/,candidate,urllib_initial
vrlindia.in,https://www.vrlindia.in/,candidate,urllib_initial
vruddhicouplers.com,https://vruddhicouplers.com/,candidate,urllib_initial
vrundavanplantation.com,https://vrundavanplantation.com/,candidate,urllib_initial
vrwoodart.com,https://www.vrwoodart.com/,candidate,urllib_initial
vscl.in,https://www.vscl.in/,candidate,urllib_initial
vsfprojects.com,https://vsfprojects.com/,candidate,urllib_initial
vsil.co.in,https://vsil.co.in/,candidate,urllib_initial
vsthyd.com,https://www.vsthyd.com/,candidate,urllib_initial
vstlindia.com,https://www.vstlindia.com/,candidate,urllib_initial
vsttractors.com,https://www.vsttractors.com/,candidate,urllib_initial
vtlrewa.com,https://www.vtlrewa.com/,candidate,urllib_initial
vtmill.com,https://vtmill.com/,candidate,urllib_initial
vvipinfra.com,https://vvipinfra.com/,candidate,urllib_initial
vxl.net,https://www.vxl.net/,candidate,urllib_initial
waaree.com,https://www.waaree.com:443/,candidate,urllib_initial
waareertl.com,https://waareertl.com/,candidate,urllib_initial
waareetech.com,https://waareetech.com/,candidate,urllib_initial
wabag.com,https://www.wabag.com/,candidate,urllib_initial
wabcoindia.com,https://www.zf.com/products/en/cv/emea/home/cv.html,candidate,urllib_initial
wagendinfra.com,https://wagendinfra.com/,candidate,urllib_initial
wakefit.co,https://www.wakefit.co/,candidate,proxy_curl
walchand.com,https://walchand.com/,candidate,urllib_initial
walchandpeoplefirst.com,https://www.walchandpeoplefirst.com/,candidate,urllib_initial
wallfort.com,https://wallfort.com/,candidate,urllib_initial
walparnutritions.com,https://www.walparnutritions.com/,candidate,urllib_initial
wanbury.com,https://www.wanbury.com/,candidate,urllib_initial
wardwizard.in,https://wardwizard.in/,candidate,urllib_initial
wardwizardfoods.com,https://www.wardwizardfoods.com/,candidate,urllib_initial
warrentea.com,https://www.warrentea.com/,candidate,urllib_initial
waterbaseindia.com,https://waterbaseindia.com/,candidate,urllib_initial
wealth-firstonline.com,https://www.wealth-firstonline.com/,candidate,urllib_initial
websolenergy.com,https://www.websolenergy.com/,candidate,urllib_initial
weizmann.co.in,https://www.weizmann.co.in/,candidate,urllib_initial
welcaststeels.com,https://www.welcaststeels.com/,candidate,urllib_initial
welspuncorp.com,https://www.welspuncorp.com/,candidate,urllib_initial
welspunenterprises.com,https://www.welspunenterprises.com/,candidate,urllib_initial
welspunindia.com,https://www.welspunliving.com,candidate,urllib_initial
welspuninvestments.com,https://www.welspuninvestments.com/,candidate,urllib_initial
welspunspecialty.com,https://www.welspunspecialty.com/,candidate,urllib_initial
wendtindia.com,https://wendtindia.com/,candidate,urllib_initial
wepsol.com,https://wepsol.com/,candidate,urllib_initial
westcoastpaper.com,https://westcoastpaper.com/,candidate,urllib_initial
western-carriers.com,https://western-carriers.com/,candidate,urllib_initial
western-overseas.com,https://western-overseas.com/,candidate,urllib_initial
westleisureresort.co.in,http://www.westleisureresort.co.in/,candidate,urllib_initial
westlife.co.in,https://www.westlife.co.in/,confirmed,direct_noverify
wewinlimited.com,https://www.wewinlimited.com/,candidate,urllib_initial
wework.co.in,https://wework.co.in:443/,candidate,urllib_initial
wheelsindia.com,https://wheelsindia.com/,candidate,urllib_initial
whirlpoolindia.com,https://www.whirlpoolindia.com/,candidate,urllib_initial
white-force.com,https://www.white-force.com/,candidate,urllib_initial
williamsonfinancial.in,https://www.williamsonfinancial.in/,candidate,urllib_initial
windlasbiotech.com,https://windlas.com,candidate,urllib_initial
windsormachines.com,https://windsormachines.com/,candidate,urllib_initial
winsol.info,https://winsol.info/,candidate,urllib_initial
winsometextile.com,http://www.winsometextile.com/,candidate,urllib_initial
wipltd.in,https://www.wipltd.in/,candidate,urllib_initial
wipro.com,https://www.wipro.com/,candidate,urllib_initial
wirefabrik.com,https://www.wirefabrik.com/,candidate,urllib_initial
wleltd.com,https://wleltd.com/,candidate,urllib_initial
wmtea.com,https://wmtea.com/,candidate,urllib_initial
wockhardt.com,https://www.wockhardt.com/,candidate,urllib_initial
wol3d.com,https://wol3d.com/,confirmed,direct_noverify
womancart.in,https://www.womancart.in/,candidate,urllib_initial
wonderfibromats.com,https://www.wonderelectricals.com/,candidate,urllib_initial
wonderla.com,https://www.wonderla.com/,candidate,urllib_initial
worldsolar.in,https://worldsolar.in/,candidate,urllib_initial
worthindia.com,https://www.worthindia.com/,candidate,urllib_initial
worthinvt.com,https://www.worthinvt.com/,candidate,urllib_initial
wowplex.live,https://www.wowplex.live/,candidate,urllib_initial
wpil.co.in,https://www.wpil.co.in/,candidate,urllib_initial
wsfx.in,https://www.wsfxglobalpay.com/,candidate,urllib_initial
wsindustries.in,https://wsindustries.in/,candidate,urllib_initial
wticabs.com,https://www.wticabs.com/,candidate,urllib_initial
xchanging.com,https://dxc.com/,candidate,urllib_initial
xelpmoc.in,https://www.xelpmoc.in/,candidate,urllib_initial
xproindia.com,https://xproindia.com/,candidate,urllib_initial
xtranetindia.com,https://xtranetindia.com/,candidate,urllib_initial
yaanenterprises.com,https://www.yaanenterprises.com/,candidate,urllib_initial
yaap.in,https://yaap.in/,candidate,urllib_initial
yaashvijewellers.com,https://yaashvijewellers.com/,candidate,urllib_initial
yajurfibres.com,https://www.yajurfibres.com/,candidate,urllib_initial
yaminiinvestments.co.in,https://www.yaminiinvestments.co.in/,candidate,urllib_initial
yamunasyndicate.com,https://yamunasyndicate.com/,candidate,urllib_initial
yarnsyndicate.in,https://www.yarnsyndicate.in/,candidate,urllib_initial
yashchemex.com,https://www.yashchemex.com/,candidate,urllib_initial
yashhtej.com,https://yashhtej.com/,candidate,urllib_initial
yashhv.com,https://www.yashhv.com/,candidate,urllib_initial
yashinnoventures.com,https://yashinnoventures.com/,candidate,urllib_initial
yashmanagement.in,https://www.yashmanagement.in/,candidate,urllib_initial
yashoindustries.com,https://www.yashoindustries.com/,candidate,urllib_initial
yatharthhospitals.com,https://www.yatharthhospitals.com/,candidate,urllib_initial
yellowdiamond.in,https://www.yellowdiamond.in/,candidate,urllib_initial
yesbank.in,https://www.yes.bank.in/,confirmed,direct_noverify
yorkexports.in,https://www.yorkexports.in/,candidate,urllib_initial
yudiz.com,https://www.yudiz.com/,candidate,urllib_initial
yugdecor.com,https://www.yugdecor.com/,candidate,urllib_initial
yukenindia.com,https://www.yukenindia.com/,candidate,urllib_initial
yuranusinfra.com,https://www.yuranusinfra.com/,candidate,urllib_initial
z-techindia.com,https://www.z-techindia.com/,candidate,urllib_initial
zaggle.in,https://www.zaggle.in/,candidate,urllib_initial
zappfresh.com,https://www.zappfresh.com/,candidate,urllib_initial
zeal-global.com,https://www.zeal-global.com/,candidate,urllib_initial
zee.com,https://www.zee.com/,candidate,proxy_curl
zeelearn.com,https://www.zeelearn.com/,candidate,urllib_initial
zeemedia.in,https://www.zeemedia.in/,candidate,urllib_initial
zelioebikes.com,https://www.zelioebikes.com/,candidate,urllib_initial
zen.in,https://www.zentechnologies.com/,candidate,urllib_initial
zenithdrugs.com,https://zenithdrugs.com/,candidate,urllib_initial
zenithexportsltd.com,https://www.zenithexportsltd.com/,candidate,urllib_initial
zenithfibres.com,https://zenithfibres.com/,candidate,urllib_initial
zenithhealthcare.com,https://www.zenithhealthcare.com/,candidate,urllib_initial
zenithsteelpipes.com,https://www.zenithsteelpipes.com/,candidate,urllib_initial
zenotechlab.com,https://zenotechlab.com/,candidate,urllib_initial
zensar.com,https://www.zensar.com/,candidate,urllib_initial
zfindia.com,http://www.zfindia.com/,candidate,urllib_initial
zimlab.in,https://www.zimlab.in/,candidate,urllib_initial
zodiacenergy.com,https://www.zodiacenergy.com/,candidate,urllib_initial
zodiacjrdmkjltd.co.in,https://zodiacjrdmkjltd.co.in/,candidate,urllib_initial
zodiaconline.com,https://zodiaconline.com/,candidate,urllib_initial
zomato.com,https://www.zomato.com/,candidate,urllib_initial
zuari.in,https://www.zuari.in/,candidate,urllib_initial
zyduscadila.com,http://www.zyduscadila.com/,candidate,urllib_initial
zyduswellness.com,https://zyduswellness.com/,candidate,urllib_initial
